Vendor account,Invoice no.,due date,Posting profile,transaction txt,Currency,EX rate,Amount,Amount,Department,Cost center,Purpose
101776,5100073989,20190919,Gen,2019/08/20 N030 ,USD,10633,-2780,-295597,,,
101824,5100073666,20190930,Gen,2019/08/05 E030 ,JPY,100,-44571,-44571,,,
101824,5100073693,20190930,Gen,2019/08/07 E030 ,JPY,100,-67154,-67154,,,
101824,5100073694,20190930,Gen,2019/08/07 E030 ,JPY,100,-48546,-48546,,,
101824,5100073695,20190930,Gen,2019/08/07 E030 ,JPY,100,-89046,-89046,,,
101824,5100073802,20190930,Gen,2019/08/09 E030 ,JPY,100,-412020,-412020,,,
101824,5100073803,20190930,Gen,2019/08/09 E030 ,JPY,100,-32346,-32346,,,
101824,5100073823,20190930,Gen,2019/08/19 E030 ,JPY,100,-9234,-9234,,,
101824,5100073990,20190930,Gen,2019/08/20 E030 ,JPY,100,-52866,-52866,,,
101824,5100074010,20190930,Gen,2019/08/21 E030 ,JPY,100,-185760,-185760,,,
101824,5100074011,20190930,Gen,2019/08/21 E030 ,JPY,100,-31806,-31806,,,
101824,5100074012,20190930,Gen,2019/08/21 E030 ,JPY,100,-251964,-251964,,,
101824,5100074077,20190930,Gen,2019/08/22 E030 ,JPY,100,-139428,-139428,,,
101824,5100074207,20190930,Gen,2019/08/23 E030 ,JPY,100,-72630,-72630,,,
101824,5100074208,20190930,Gen,2019/08/23 E030 ,JPY,100,-67932,-67932,,,
101824,5100074209,20190930,Gen,2019/08/23 E030 ,JPY,100,-33350,-33350,,,
101824,5100074210,20190930,Gen,2019/08/23 E030 ,JPY,100,-83354,-83354,,,
101824,5100074211,20190930,Gen,2019/08/23 E030 ,JPY,100,-166104,-166104,,,
101824,5100074212,20190930,Gen,2019/08/23 E030 ,JPY,100,-43113,-43113,,,
101824,5100074213,20190930,Gen,2019/08/23 E030 ,JPY,100,-46548,-46548,,,
101824,5100074214,20190930,Gen,2019/08/23 E030 ,JPY,100,-89154,-89154,,,
101824,5100074215,20190930,Gen,2019/08/23 E030 ,JPY,100,-169687,-169687,,,
101824,5100074216,20190930,Gen,2019/08/23 E030 ,JPY,100,-169687,-169687,,,
101824,5100074217,20190930,Gen,2019/08/23 E030 ,JPY,100,-100332,-100332,,,
101832,5100073167,20190929,Gen,2019/07/12 E060 ,JPY,100,-108000,-108000,,,
101832,5100073168,20190929,Gen,2019/07/12 E060 ,JPY,100,-324000,-324000,,,
101844,5100074218,20190930,Gen,2019/08/23 N045 ,USD,10633,-1185,-126001,,,
101847,5100073747,20190930,Gen,2019/08/08 E030 ,JPY,100,-110160,-110160,,,
101847,5100074131,20190930,Gen,2019/08/23 E030 ,JPY,100,-268961,-268961,,,
101848,5100072982,20191228,Gen,2019/07/03 E150 ,JPY,100,-874800,-874800,,,
101848,5100073311,20191228,Gen,2019/07/18 E150 ,JPY,100,-24300,-24300,,,
101848,5100073415,20191228,Gen,2019/07/23 E150 ,JPY,100,-86400,-86400,,,
101870,5100074132,20190930,Gen,2019/08/23 E030 ,JPY,100,-41070,-41070,,,
101876,5100072746,20191028,Gen,2019/06/25 E120 ,JPY,100,-1582200,-1582200,,,
101876,5100072747,20191028,Gen,2019/06/25 E120 ,JPY,100,-1582200,-1582200,,,
101915,5100073667,20190930,Gen,2019/08/05 E030 ,JPY,100,-145800,-145800,,,
101916,5100073027,20190929,Gen,2019/07/05 E060 ,USD,10633,-2036.6,-216552,,,
101916,5100073028,20190929,Gen,2019/07/05 E060 ,USD,10633,-3021.5,-321276,,,
101916,5100073046,20190929,Gen,2019/07/08 E060 ,USD,10633,-21720.05,-2309493,,,
101916,5100073169,20190929,Gen,2019/07/12 E060 ,USD,10633,-1508.6,-160409,,,
101916,5100073341,20190929,Gen,2019/07/19 E060 ,USD,10633,-2375.45,-252582,,,
101916,5100073342,20190929,Gen,2019/07/19 E060 ,USD,10633,-112.44,-11956,,,
101916,5100073467,20190929,Gen,2019/07/25 E060 ,USD,10633,-205252.2,-21824466,,,
101916,5100073468,20190929,Gen,2019/07/25 E060 ,USD,10633,-2023.49,-215158,,,
101916,5100073469,20190929,Gen,2019/07/25 E060 ,USD,10633,-38137.62,-4055173,,,
101916,5100073470,20190929,Gen,2019/07/25 E060 ,USD,10633,-5184.33,-551250,,,
101916,5100073535,20190929,Gen,2019/07/31 E060 ,USD,10633,-600,-63798,,,
101916,5100073606,20191030,Gen,2019/08/02 E060 ,USD,10633,-593.9,-63149,,,
101916,5100073668,20191030,Gen,2019/08/05 E060 ,USD,10633,-899.63,-95658,,,
101916,5100073987,20191030,Gen,2019/08/20 E060 ,USD,10633,-106761.46,-11351946,,,
101916,5100074013,20191030,Gen,2019/08/21 E060 ,USD,10633,-1187.8,-126299,,,
101916,5100074078,20191030,Gen,2019/08/22 E060 ,USD,10633,-1186.4,-126150,,,
101916,5100074079,20191030,Gen,2019/08/22 E060 ,USD,10633,-1779.6,-189225,,,
101916,5100074080,20191030,Gen,2019/08/22 E060 ,USD,10633,-1187.8,-126299,,,
101916,5100074205,20191030,Gen,2019/08/23 E060 ,USD,10633,-237.56,-25260,,,
101916,5100074219,20191030,Gen,2019/08/23 E060 ,USD,10633,-2090.3,-222262,,,
101916,5100074220,20191030,Gen,2019/08/23 E060 ,USD,10633,-1562.89,-166182,,,
101917,5100073590,20191029,Gen,2019/07/31 E090 ,JPY,100,-32400,-32400,,,
101917,5100073804,20191129,Gen,2019/08/09 E090 ,JPY,100,-339660,-339660,,,
101926,5100072647,20190928,Gen,2019/06/18 E090 ,JPY,100,-63720,-63720,,,
101926,5100073515,20191029,Gen,2019/07/26 E090 ,JPY,100,-10778,-10778,,,
101931,5100073669,20190930,Gen,2019/08/05 E030 ,JPY,100,-58320,-58320,,,
101933,5100072793,20190928,Gen,2019/06/26 E090 ,JPY,100,-1512000,-1512000,,,
101933,5100072794,20190928,Gen,2019/06/26 E090 ,JPY,100,-2052000,-2052000,,,
101936,5100072529,20190928,Gen,2019/06/11 E090 ,JPY,100,-141750,-141750,,,
101936,5100072717,20190928,Gen,2019/06/21 E090 ,JPY,100,-881550,-881550,,,
101936,5100073343,20191029,Gen,2019/07/19 E090 ,JPY,100,-329400,-329400,,,
101936,5100073417,20191029,Gen,2019/07/23 E090 ,JPY,100,-393120,-393120,,,
101936,5100073536,20191029,Gen,2019/07/31 E090 ,JPY,100,-324000,-324000,,,
101936,5100074133,20191129,Gen,2019/08/23 E090 ,JPY,100,-324000,-324000,,,
101936,5100074134,20191129,Gen,2019/08/23 E090 ,JPY,100,-318600,-318600,,,
101943-JPY,5100071725,20190927,Gen,2019/04/25 E150 ,JPY,100,-59940,-59940,,,
101943-JPY,5100073249,20191228,Gen,2019/07/17 E150 ,JPY,100,-59940,-59940,,,
101943-JPY,5100073670,20200128,Gen,2019/08/05 E150 ,JPY,100,-109080,-109080,,,
102010,5100074135,20190922,Gen,2019/08/23 N030,USD,10633,-675,-71773,,,
102011-JPY,5100073671,20190930,Gen,2019/08/05 E030 ,JPY,100,-231220,-231220,,,
102011-JPY,5100073672,20190930,Gen,2019/08/05 E030 ,JPY,100,-150480,-150480,,,
102011-JPY,5100073673,20190930,Gen,2019/08/05 E030 ,JPY,100,-838838,-838838,,,
102011-JPY,5100073674,20190930,Gen,2019/08/05 E030 ,JPY,100,-340100,-340100,,,
102011-JPY,5100073675,20190930,Gen,2019/08/05 E030 ,JPY,100,-12212,-12212,,,
102011-JPY,5100073676,20190930,Gen,2019/08/05 E030 ,JPY,100,-7832,-7832,,,
102011-JPY,5100073748,20190930,Gen,2019/08/08 E030 ,JPY,100,-6000,-6000,,,
102011-JPY,5100073749,20190930,Gen,2019/08/08 E030 ,JPY,100,-4180,-4180,,,
102011-JPY,5100073750,20190930,Gen,2019/08/08 E030 ,JPY,100,-8400,-8400,,,
102011-JPY,5100073751,20190930,Gen,2019/08/08 E030 ,JPY,100,-1140,-1140,,,
102011-JPY,5100073752,20190930,Gen,2019/08/08 E030 ,JPY,100,-6000,-6000,,,
102011-JPY,5100073753,20190930,Gen,2019/08/08 E030 ,JPY,100,-1700,-1700,,,
102011-JPY,5100073754,20190930,Gen,2019/08/08 E030 ,JPY,100,-27740,-27740,,,
102011-JPY,5100073755,20190930,Gen,2019/08/08 E030 ,JPY,100,-15300,-15300,,,
102011-JPY,5100073756,20190930,Gen,2019/08/08 E030 ,JPY,100,-1460,-1460,,,
102011-JPY,5100073757,20190930,Gen,2019/08/08 E030 ,JPY,100,-37400,-37400,,,
102011-JPY,5100073758,20190930,Gen,2019/08/08 E030 ,JPY,100,-1200,-1200,,,
102011-JPY,5100073759,20190930,Gen,2019/08/08 E030 ,JPY,100,-6720,-6720,,,
102011-JPY,5100073760,20190930,Gen,2019/08/08 E030 ,JPY,100,-13360,-13360,,,
102011-JPY,5100073761,20190930,Gen,2019/08/08 E030 ,JPY,100,-214360,-214360,,,
102011-JPY,5100073762,20190930,Gen,2019/08/08 E030 ,JPY,100,-3000,-3000,,,
102011-JPY,5100073763,20190930,Gen,2019/08/08 E030 ,JPY,100,-17160,-17160,,,
102011-JPY,5100073764,20190930,Gen,2019/08/08 E030 ,JPY,100,-16800,-16800,,,
102011-JPY,5100073765,20190930,Gen,2019/08/08 E030 ,JPY,100,-19125,-19125,,,
102011-JPY,5100073766,20190930,Gen,2019/08/08 E030 ,JPY,100,-2400,-2400,,,
102011-JPY,5100073767,20190930,Gen,2019/08/08 E030 ,JPY,100,-76325,-76325,,,
102011-JPY,5100073768,20190930,Gen,2019/08/08 E030 ,JPY,100,-2800,-2800,,,
102011-JPY,5100073769,20190930,Gen,2019/08/08 E030 ,JPY,100,-437700,-437700,,,
102011-JPY,5100073770,20190930,Gen,2019/08/08 E030 ,JPY,100,-791190,-791190,,,
102011-JPY,5100073967,20190930,Gen,2019/08/20 E030 ,JPY,100,-222848,-222848,,,
102011-JPY,5100073991,20190930,Gen,2019/08/20 E030 ,JPY,100,-249480,-249480,,,
102011-JPY,5100074014,20190930,Gen,2019/08/21 E030 ,JPY,100,-30000,-30000,,,
102011-JPY,5100074015,20190930,Gen,2019/08/21 E030 ,JPY,100,-30450,-30450,,,
102011-JPY,5100074016,20190930,Gen,2019/08/21 E030 ,JPY,100,-178070,-178070,,,
102011-JPY,5100074017,20190930,Gen,2019/08/21 E030 ,JPY,100,-15500,-15500,,,
102011-JPY,5100074018,20190930,Gen,2019/08/21 E030 ,JPY,100,-5391,-5391,,,
102011-JPY,5100074019,20190930,Gen,2019/08/21 E030 ,JPY,100,-223580,-223580,,,
102011-JPY,5100074136,20190930,Gen,2019/08/23 E030 ,JPY,100,-18830,-18830,,,
102011-JPY,5100074137,20190930,Gen,2019/08/23 E030 ,JPY,100,-18830,-18830,,,
102011-JPY,5100074138,20190930,Gen,2019/08/23 E030 ,JPY,100,-33894,-33894,,,
102011-JPY,5100074139,20190930,Gen,2019/08/23 E030 ,JPY,100,-173236,-173236,,,
102011-JPY,5100074140,20190930,Gen,2019/08/23 E030 ,JPY,100,-56490,-56490,,,
102011-JPY,5100074141,20190930,Gen,2019/08/23 E030 ,JPY,100,-165704,-165704,,,
102011-JPY,5100074142,20190930,Gen,2019/08/23 E030 ,JPY,100,-218428,-218428,,,
102011-JPY,5100074143,20190930,Gen,2019/08/23 E030 ,JPY,100,-3766,-3766,,,
102011-JPY,5100074144,20190930,Gen,2019/08/23 E030 ,JPY,100,-56490,-56490,,,
102011-JPY,5100074145,20190930,Gen,2019/08/23 E030 ,JPY,100,-7532,-7532,,,
102011-JPY,5100074146,20190930,Gen,2019/08/23 E030 ,JPY,100,-515942,-515942,,,
102011-JPY,5100074147,20190930,Gen,2019/08/23 E030 ,JPY,100,-124278,-124278,,,
102011-JPY,5100074148,20190930,Gen,2019/08/23 E030 ,JPY,100,-779562,-779562,,,
102011-JPY,5100074149,20190930,Gen,2019/08/23 E030 ,JPY,100,-335174,-335174,,,
102011-JPY,5100074150,20190930,Gen,2019/08/23 E030 ,JPY,100,-222194,-222194,,,
102011-JPY,5100074151,20190930,Gen,2019/08/23 E030 ,JPY,100,-7532,-7532,,,
102011-JPY,5100074152,20190930,Gen,2019/08/23 E030 ,JPY,100,-195832,-195832,,,
102011-JPY,5100074153,20190930,Gen,2019/08/23 E030 ,JPY,100,-124278,-124278,,,
102011-JPY,5100074154,20190930,Gen,2019/08/23 E030 ,JPY,100,-22596,-22596,,,
102011-JPY,5100074155,20190930,Gen,2019/08/23 E030 ,JPY,100,-120512,-120512,,,
102011-JPY,5100074156,20190930,Gen,2019/08/23 E030 ,JPY,100,-380366,-380366,,,
102011-JPY,5100074157,20190930,Gen,2019/08/23 E030 ,JPY,100,-809690,-809690,,,
102011-JPY,5100074158,20190930,Gen,2019/08/23 E030 ,JPY,100,-952798,-952798,,,
102011-JPY,5100074159,20190930,Gen,2019/08/23 E030 ,JPY,100,-56490,-56490,,,
102011-JPY,5100074160,20190930,Gen,2019/08/23 E030 ,JPY,100,-1186290,-1186290,,,
102011-JPY,5100074161,20190930,Gen,2019/08/23 E030 ,JPY,100,-3766,-3766,,,
102011-JPY,5100074162,20190930,Gen,2019/08/23 E030 ,JPY,100,-7532,-7532,,,
102011-JPY,5100074163,20190930,Gen,2019/08/23 E030 ,JPY,100,-3766,-3766,,,
102011-JPY,5100074164,20190930,Gen,2019/08/23 E030 ,JPY,100,-15064,-15064,,,
102011-JPY,5100074165,20190930,Gen,2019/08/23 E030 ,JPY,100,-26362,-26362,,,
102011-JPY,5100074166,20190930,Gen,2019/08/23 E030 ,JPY,100,-60256,-60256,,,
102011-JPY,5100074167,20190930,Gen,2019/08/23 E030 ,JPY,100,-3766,-3766,,,
102011-JPY,5100074168,20190930,Gen,2019/08/23 E030 ,JPY,100,-94150,-94150,,,
102011-JPY,5100074169,20190930,Gen,2019/08/23 E030 ,JPY,100,-26362,-26362,,,
102011-JPY,5100074170,20190930,Gen,2019/08/23 E030 ,JPY,100,-11298,-11298,,,
102011-JPY,5100074171,20190930,Gen,2019/08/23 E030 ,JPY,100,-18830,-18830,,,
102011-JPY,5100074172,20190930,Gen,2019/08/23 E030 ,JPY,100,-90384,-90384,,,
102011-JPY,5100074173,20190930,Gen,2019/08/23 E030 ,JPY,100,-33894,-33894,,,
102011-JPY,5100074174,20190930,Gen,2019/08/23 E030 ,JPY,100,-41426,-41426,,,
102011-JPY,5100074175,20190930,Gen,2019/08/23 E030 ,JPY,100,-56490,-56490,,,
102011-JPY,5100074206,20190930,Gen,2019/08/23 E030 ,JPY,100,-75320,-75320,,,
102017,5100072718,20190928,Gen,2019/06/21 E090 ,JPY,100,-74736,-74736,,,
102017,5100072903,20190928,Gen,2019/06/28 E090 ,JPY,100,-261684,-261684,,,
102017,5100073677,20191129,Gen,2019/08/05 E090 ,JPY,100,-187920,-187920,,,
102019-JPY,5100073678,20190930,Gen,2019/08/05 E030 ,JPY,100,-1033832,-1033832,,,
102019-JPY,5100073679,20190930,Gen,2019/08/05 E030 ,JPY,100,-1033832,-1033832,,,
102019-JPY,5100073680,20190930,Gen,2019/08/05 E030 ,JPY,100,-1033832,-1033832,,,
102022,5100073681,20191030,Gen,2019/08/05 E060 ,USD,10633,-630,-66988,,,
102028,5100072158,20191028,Gen,2019/05/20 E150 ,JPY,100,-51840,-51840,,,
102028,5100072159,20191028,Gen,2019/05/20 E150 ,JPY,100,-16750,-16750,,,
102028,5100072160,20191028,Gen,2019/05/20 E150 ,JPY,100,-24084,-24084,,,
102028,5100072207,20191028,Gen,2019/05/22 E150 ,JPY,100,-30240,-30240,,,
102028,5100072208,20191028,Gen,2019/05/22 E150 ,JPY,100,-5832,-5832,,,
102028,5100072209,20191028,Gen,2019/05/22 E150 ,JPY,100,-8640,-8640,,,
102028,5100072210,20191028,Gen,2019/05/22 E150 ,JPY,100,-11016,-11016,,,
102028,5100072211,20191028,Gen,2019/05/22 E150 ,JPY,100,-20736,-20736,,,
102028,5100072659,20191127,Gen,2019/06/19 E150 ,JPY,100,-8640,-8640,,,
102028,5100072660,20191127,Gen,2019/06/19 E150 ,JPY,100,-20736,-20736,,,
102028,5100072661,20191127,Gen,2019/06/19 E150 ,JPY,100,-11016,-11016,,,
102028,5100072662,20191127,Gen,2019/06/19 E150 ,JPY,100,-5832,-5832,,,
102028,5100072663,20191127,Gen,2019/06/19 E150 ,JPY,100,-30240,-30240,,,
102028,5100072664,20191127,Gen,2019/06/19 E150 ,JPY,100,-16750,-16750,,,
102028,5100072665,20191127,Gen,2019/06/19 E150 ,JPY,100,-51840,-51840,,,
102028,5100072666,20191127,Gen,2019/06/19 E150 ,JPY,100,-24084,-24084,,,
102028,5100072983,20191228,Gen,2019/07/03 E150 ,JPY,100,-16200,-16200,,,
102028,5100073344,20191228,Gen,2019/07/19 E150 ,JPY,100,-48600,-48600,,,
102028,5100073345,20191228,Gen,2019/07/19 E150 ,JPY,100,-69012,-69012,,,
102028,5100073346,20191228,Gen,2019/07/19 E150 ,JPY,100,-5832,-5832,,,
102028,5100073347,20191228,Gen,2019/07/19 E150 ,JPY,100,-30240,-30240,,,
102028,5100073348,20191228,Gen,2019/07/19 E150 ,JPY,100,-16750,-16750,,,
102028,5100073349,20191228,Gen,2019/07/19 E150 ,JPY,100,-20736,-20736,,,
102028,5100073350,20191228,Gen,2019/07/19 E150 ,JPY,100,-8640,-8640,,,
102028,5100073388,20191228,Gen,2019/07/19 E150 ,JPY,100,-24084,-24084,,,
102028,5100073389,20191228,Gen,2019/07/19 E150 ,JPY,100,-51840,-51840,,,
102028,5100073394,20191228,Gen,2019/07/22 E150 ,JPY,100,-882684,-882684,,,
102028,5100073395,20191228,Gen,2019/07/22 E150 ,JPY,100,-761400,-761400,,,
102028,5100073992,20200128,Gen,2019/08/20 E150 ,JPY,100,-69012,-69012,,,
102028,5100073993,20200128,Gen,2019/08/20 E150 ,JPY,100,-51840,-51840,,,
102028,5100073994,20200128,Gen,2019/08/20 E150 ,JPY,100,-16750,-16750,,,
102028,5100073995,20200128,Gen,2019/08/20 E150 ,JPY,100,-24084,-24084,,,
102028,5100073996,20200128,Gen,2019/08/20 E150 ,JPY,100,-5832,-5832,,,
102028,5100073997,20200128,Gen,2019/08/20 E150 ,JPY,100,-30240,-30240,,,
102028,5100073998,20200128,Gen,2019/08/20 E150 ,JPY,100,-48600,-48600,,,
102028,5100074020,20200128,Gen,2019/08/21 E150 ,JPY,100,-11016,-11016,,,
102028,5100074021,20200128,Gen,2019/08/21 E150 ,JPY,100,-11016,-11016,,,
102028,5100074022,20200128,Gen,2019/08/21 E150 ,JPY,100,-20736,-20736,,,
102028,5100074023,20200128,Gen,2019/08/21 E150 ,JPY,100,-8640,-8640,,,
102028,5100074176,20200128,Gen,2019/08/23 E150 ,JPY,100,-918000,-918000,,,
102028,5100074177,20200128,Gen,2019/08/23 E150 ,JPY,100,-163080,-163080,,,
102028,5100074178,20200128,Gen,2019/08/23 E150 ,JPY,100,-307044,-307044,,,
102030,5100073682,20190930,Gen,2019/08/05 E030 ,JPY,100,-232200,-232200,,,
102034,5100072530,20191028,Gen,2019/06/11 E120 ,JPY,100,-50112,-50112,,,
102034,5100073591,20191128,Gen,2019/07/31 E120 ,JPY,100,-91152,-91152,,,
102034,5100074179,20191229,Gen,2019/08/23 E120 ,JPY,100,-93936,-93936,,,
102036,5100073696,20190930,Gen,2019/08/07 E030 ,JPY,100,-530834,-530834,,,
102036,5100073697,20190930,Gen,2019/08/07 E030 ,JPY,100,-530834,-530834,,,
102036,5100073698,20190930,Gen,2019/08/07 E030 ,JPY,100,-596741,-596741,,,
102036,5100073699,20190930,Gen,2019/08/07 E030 ,JPY,100,-530834,-530834,,,
102038,5100074024,20190930,Gen,2019/08/21 E030 ,JPY,100,-846720,-846720,,,
102039-JPY,5100074025,20190930,Gen,2019/08/21 E030,JPY,100,-159300,-159300,,,
102043,5100072092,20191028,Gen,2019/05/16 E150 ,JPY,100,-950400,-950400,,,
102043,5100073421,20191228,Gen,2019/07/23 E150 ,JPY,100,-81302,-81302,,,
102043,5100074026,20200128,Gen,2019/08/21 E150 ,JPY,100,-896400,-896400,,,
102047-USD,5100073824,20190930,Gen,2019/08/19 E030 ,USD,10633,-1555.2,-165364,,,
102054,5100073607,20191030,Gen,2019/08/02 E060 ,JPY,100,-246564,-246564,,,
102054,5100074180,20191030,Gen,2019/08/23 E060 ,JPY,100,-270000,-270000,,,
102054,5100074181,20191030,Gen,2019/08/23 E060 ,JPY,100,-270000,-270000,,,
102055,5100073690,20190930,Gen,2019/08/06 E030 ,JPY,100,-113400,-113400,,,
102055,5100074182,20190930,Gen,2019/08/23 E030 ,JPY,100,-45360,-45360,,,
102055,5100074183,20190930,Gen,2019/08/23 E030 ,JPY,100,-56570,-56570,,,
102055,5100074184,20190930,Gen,2019/08/23 E030 ,JPY,100,-52018,-52018,,,
102057,5100073683,20190930,Gen,2019/08/05 E030 ,JPY,100,-27000,-27000,,,
102057,5100073999,20190930,Gen,2019/08/20 E030 ,JPY,100,-356400,-356400,,,
102057,5100074027,20190930,Gen,2019/08/21 E030 ,JPY,100,-43524,-43524,,,
102057,5100074028,20190930,Gen,2019/08/21 E030 ,JPY,100,-211680,-211680,,,
102057,5100074126,20190930,Gen,2019/08/23 E030 ,JPY,100,-101520,-101520,,,
102057,5100074127,20190930,Gen,2019/08/23 E030 ,JPY,100,-204876,-204876,,,
102057,5100074128,20190930,Gen,2019/08/23 E030 ,JPY,100,-204876,-204876,,,
102057,5100074129,20190930,Gen,2019/08/23 E030 ,JPY,100,-167076,-167076,,,
102057,5100074130,20190930,Gen,2019/08/23 E030 ,JPY,100,-27864,-27864,,,
102057,5100074221,20190930,Gen,2019/08/23 E030 ,JPY,100,-8845,-8845,,,
102057,5100074222,20190930,Gen,2019/08/23 E030 ,JPY,100,-138996,-138996,,,
102067-USD,5100071951,20190928,Gen,2019/05/09 E120 ,USD,10633,-4536,-482313,,,
102067-USD,5100072069,20190928,Gen,2019/05/13 E120 ,USD,10633,-1134,-120578,,,
102067-USD,5100074029,20191229,Gen,2019/08/21 E120 ,USD,10633,-1695.6,-180293,,,
102068,5100072810,20190928,Gen,2019/06/26 E090 ,JPY,100,-90720,-90720,,,
102177,5100072757,20190928,Gen,2019/06/25 E090 ,JPY,100,-1296,-1296,,,
102177,5100072811,20190928,Gen,2019/06/26 E090 ,JPY,100,-8510,-8510,,,
102180,5100074030,20190920,Gen,2019/08/21 N030 ,USD,10633,-6000,-637980,,,
102180,5100074223,20190922,Gen,2019/08/23 N030 ,USD,10633,-3600,-382788,,,
102181,1700000505,20190531,Gen,2019/04/26 E030 Salary Apr,JPY,100,-39290535,-39290535,,,
102181,1700000506,20190528,Gen,2019/04/26 Salary deduction Apr,JPY,100,115916,115916,,,
102181,1700000507,20190531,Gen,2019/05/10 E030 Travel exp_190418-190426,JPY,100,-2036,-2036,,,
102181,1700000508,20190531,Gen,2019/05/25 E030 Travel exp_190427-190525,JPY,100,-1656249,-1656249,,,
102181,1700000520,20190830,Gen,2019/07/19 E030 Travel exp_190630-190712,JPY,100,-1011136,-1011136,,,
102181,1700000531,20190830,Gen,2019/07/01 E030 Salary May Correction,JPY,100,-100447376,-100447376,,,
102181,1700000532,20190701,Gen,2019/07/01 Salary deduction,JPY,100,85845,85845,,,
102181,1700000534,20190830,Gen,2019/07/26 E030 Travel exp_190713-190727,JPY,100,-2514951,-2514951,,,
102181,1700000535,20190727,Gen,2019/07/27 Salary deduction May correction Change1,JPY,100,29287832,29287832,,,
102181,1700000536,20190727,Gen,2019/07/27 22500000->21100000 Salary deduction Jun Change1,JPY,100,30112560,30112560,,,
102181,1700000537,20190727,Gen,2019/07/27 Salary Jun Change2??Health insurance refund,JPY,100,11400,11400,,,
102181,1700000539,20190729,Gen,2019/07/29 22500000->21100000 Salary deduction Jul Change1,JPY,100,30040276,30040276,,,
102181,1700000544,20190930,Gen,2019/08/23 E030 Travel exp_190728-190809,JPY,100,-227909,-227909,,,
102181,1900005243,20190830,Gen,2019/07/18 22511000??21100000 Travel exp_190615-190629,JPY,100,-845079,-845079,,,
102181,1900005264,20190830,Gen,2019/07/27 21220000??21100000??Travel exp190526-190614,JPY,100,-2145517,-2145517,,,
102181,1900005266,20190830,Gen,2019/07/27 E030 Salary deduction May correction Change2,JPY,100,-16212875,-16212875,,,
102181,1900005267,20190830,Gen,2019/07/27 E030 LITE payment change occupation phys.1904 May,JPY,100,-459,-459,,,
102181,1900005268,20190830,Gen,2019/07/27 E030 22500000->21100000 Salary Jun Change1,JPY,100,-100535419,-100535419,,,
102181,1900005269,20190830,Gen,2019/07/27 E030 Salary deduction Jun Change2 Resident tax,JPY,100,-8280000,-8280000,,,
102181,1900005324,20190830,Gen,2019/07/29 E030 22500000->21100000 Salary Jul Change1,JPY,100,-101362813,-101362813,,,
102181,1900005325,20190830,Gen,2019/07/29 E030 Salary deduction Jul Change2 Resident tax,JPY,100,-8214900,-8214900,,,
102181,1900005332,20190930,Gen,2019/08/23 E030 LD/PDcontroller (Repurchase asset from LITE),JPY,100,-825700,-825700,,,
102182,5100072990,20190929,Gen,2019/07/03 E060 ,JPY,100,-241704,-241704,,,
102182,5100072991,20190929,Gen,2019/07/03 E060 ,JPY,100,-243000,-243000,,,
102182,5100073171,20190929,Gen,2019/07/12 E060 ,JPY,100,-1549692,-1549692,,,
102182,5100073172,20190929,Gen,2019/07/12 E060 ,JPY,100,-1798200,-1798200,,,
102182,5100073355,20190929,Gen,2019/07/19 E060 ,JPY,100,-57024,-57024,,,
102182,5100073439,20190929,Gen,2019/07/24 E060 ,JPY,100,-51840,-51840,,,
102182,5100073440,20190929,Gen,2019/07/24 E060 ,JPY,100,-1549692,-1549692,,,
102182,5100073441,20190929,Gen,2019/07/24 E060 ,JPY,100,-317520,-317520,,,
102182,5100073608,20191030,Gen,2019/08/02 E060 ,JPY,100,-243000,-243000,,,
102182,5100073701,20191030,Gen,2019/08/07 E060 ,JPY,100,-1549692,-1549692,,,
102182,5100074000,20191030,Gen,2019/08/20 E060 ,JPY,100,-57024,-57024,,,
102182,5100074001,20191030,Gen,2019/08/20 E060 ,JPY,100,-51840,-51840,,,
102184,5100074031,20190930,Gen,2019/08/21 N045 ,USD,10633,-2760,-293471,,,
102184,5100074032,20190930,Gen,2019/08/21 N045 ,USD,10633,-410,-43595,,,
102184,5100074224,20190930,Gen,2019/08/23 N045 ,USD,10633,-5800,-616714,,,
102188,5100072531,20190928,Gen,2019/06/11 E090 ,JPY,100,-68040,-68040,,,
102188,5100072760,20190928,Gen,2019/06/25 E090 ,JPY,100,-97200,-97200,,,
102190,5100072515,20190928,Gen,2019/06/10 E090 ,JPY,100,-324000,-324000,,,
102190,5100072668,20190928,Gen,2019/06/19 E090 ,JPY,100,-17258,-17258,,,
102190,5100072910,20190928,Gen,2019/06/28 E090 ,JPY,100,-42120,-42120,,,
102190,5100072911,20190928,Gen,2019/06/28 E090 ,JPY,100,-54000,-54000,,,
102190,5100072912,20190928,Gen,2019/06/28 E090 ,JPY,100,-63720,-63720,,,
102190,5100073356,20191029,Gen,2019/07/19 E090 ,JPY,100,-17258,-17258,,,
102190,5100073473,20191029,Gen,2019/07/25 E090 ,JPY,100,-192456,-192456,,,
102190,5100074002,20191129,Gen,2019/08/20 E090 ,JPY,100,-17258,-17258,,,
102193,5100072366,20191028,Gen,2019/05/30 E150 ,JPY,100,-2079000,-2079000,,,
102193,5100073312,20191228,Gen,2019/07/18 E150 ,JPY,100,-2613600,-2613600,,,
102206,5100072569,20190928,Gen,2019/06/12 E090 ,JPY,100,-76680,-76680,,,
102206,5100072570,20190928,Gen,2019/06/12 E090 ,JPY,100,-105840,-105840,,,
102206,5100073154,20191029,Gen,2019/07/10 E090 ,JPY,100,-196560,-196560,,,
102206,5100073357,20191029,Gen,2019/07/19 E090 ,JPY,100,-435229,-435229,,,
102209,5100073398,20191029,Gen,2019/07/22 E090 ,JPY,100,-750600,-750600,,,
102209,5100073592,20191029,Gen,2019/07/31 E090 ,JPY,100,-27000,-27000,,,
102209,5100073771,20191129,Gen,2019/08/08 E090 ,JPY,100,-1090800,-1090800,,,
102215,5100073684,20191129,Gen,2019/08/05 E090 ,JPY,100,-301320,-301320,,,
102217,5100074081,20190930,Gen,2019/08/22 E030 ,JPY,100,-54000,-54000,,,
102217,5100074225,20190930,Gen,2019/08/23 E030 ,JPY,100,-20196,-20196,,,
102220,5100074003,20190930,Gen,2019/08/20 E030 ,JPY,100,-837000,-837000,,,
102220,5100074004,20190930,Gen,2019/08/20 E030 ,JPY,100,-1944000,-1944000,,,
102220,5100074082,20190930,Gen,2019/08/22 E030 ,JPY,100,-205146,-205146,,,
102220,5100074083,20190930,Gen,2019/08/22 E030 ,JPY,100,-61535,-61535,,,
102231,5100072764,20190928,Gen,2019/06/25 E090 ,JPY,100,-622080,-622080,,,
102231,5100072765,20190928,Gen,2019/06/25 E090 ,JPY,100,-1080000,-1080000,,,
102231,5100072766,20190928,Gen,2019/06/25 E090 ,JPY,100,-1010880,-1010880,,,
102231,5100072767,20190928,Gen,2019/06/25 E090 ,JPY,100,-1296000,-1296000,,,
102240,5100072814,20190928,Gen,2019/06/26 E090 ,JPY,100,-1134000,-1134000,,,
102240,5100072815,20190928,Gen,2019/06/26 E090 ,JPY,100,-756000,-756000,,,
102240,5100072816,20190928,Gen,2019/06/26 E090 ,JPY,100,-864000,-864000,,,
102240,5100072817,20190928,Gen,2019/06/26 E090 ,JPY,100,-1026000,-1026000,,,
102240,5100072818,20190928,Gen,2019/06/26 E090 ,JPY,100,-972000,-972000,,,
102240,5100072819,20190928,Gen,2019/06/26 E090 ,JPY,100,-972000,-972000,,,
102240,5100072820,20190928,Gen,2019/06/26 E090 ,JPY,100,-972000,-972000,,,
102240,5100072821,20190928,Gen,2019/06/26 E090 ,JPY,100,-1296000,-1296000,,,
102240,5100072822,20190928,Gen,2019/06/26 E090 ,JPY,100,-1188000,-1188000,,,
102240,5100072823,20190928,Gen,2019/06/26 E090 ,JPY,100,-1134000,-1134000,,,
102240,5100072824,20190928,Gen,2019/06/26 E090 ,JPY,100,-1134000,-1134000,,,
102240,5100072825,20190928,Gen,2019/06/26 E090 ,JPY,100,-1134000,-1134000,,,
102240,5100072826,20190928,Gen,2019/06/26 E090 ,JPY,100,-1188000,-1188000,,,
102240,5100072827,20190928,Gen,2019/06/26 E090 ,JPY,100,-1296000,-1296000,,,
102240,5100072828,20190928,Gen,2019/06/26 E090 ,JPY,100,-1112400,-1112400,,,
102240,5100072829,20190928,Gen,2019/06/26 E090 ,JPY,100,-1188000,-1188000,,,
102240,5100072913,20190928,Gen,2019/06/28 E090 ,JPY,100,-359115,-359115,,,
102240,5100072914,20190928,Gen,2019/06/28 E090 ,JPY,100,-723053,-723053,,,
102240,5100072915,20190928,Gen,2019/06/28 E090 ,JPY,100,-1404000,-1404000,,,
102240,5100072916,20190928,Gen,2019/06/28 E090 ,JPY,100,-270000,-270000,,,
102240,5100072917,20190928,Gen,2019/06/28 E090 ,JPY,100,-1620000,-1620000,,,
102240,5100072918,20190928,Gen,2019/06/28 E090 ,JPY,100,-1620000,-1620000,,,
102240,5100072919,20190928,Gen,2019/06/28 E090 ,JPY,100,-1512000,-1512000,,,
102240,5100072920,20190928,Gen,2019/06/28 E090 ,JPY,100,-1512000,-1512000,,,
102240,5100072921,20190928,Gen,2019/06/28 E090 ,JPY,100,-756000,-756000,,,
102240,5100072922,20190928,Gen,2019/06/28 E090 ,JPY,100,-2160000,-2160000,,,
102240,5100072923,20190928,Gen,2019/06/28 E090 ,JPY,100,-2160000,-2160000,,,
102240,5100072924,20190928,Gen,2019/06/28 E090 ,JPY,100,-2160000,-2160000,,,
102240,5100072925,20190928,Gen,2019/06/28 E090 ,JPY,100,-2160000,-2160000,,,
102240,5100072926,20190928,Gen,2019/06/28 E090 ,JPY,100,-2160000,-2160000,,,
102240,5100072927,20190928,Gen,2019/06/28 E090 ,JPY,100,-2160000,-2160000,,,
102240,5100072928,20190928,Gen,2019/06/28 E090 ,JPY,100,-2268000,-2268000,,,
102240,5100072929,20190928,Gen,2019/06/28 E090 ,JPY,100,-2268000,-2268000,,,
102240,5100072930,20190928,Gen,2019/06/28 E090 ,JPY,100,-2160000,-2160000,,,
102240,5100072931,20190928,Gen,2019/06/28 E090 ,JPY,100,-1620000,-1620000,,,
102240,5100072932,20190928,Gen,2019/06/28 E090 ,JPY,100,-1620000,-1620000,,,
102240,5100072933,20190928,Gen,2019/06/28 E090 ,JPY,100,-2052000,-2052000,,,
102240,5100072934,20190928,Gen,2019/06/28 E090 ,JPY,100,-2268000,-2268000,,,
102240,5100072935,20190928,Gen,2019/06/28 E090 ,JPY,100,-2268000,-2268000,,,
102240,5100072936,20190928,Gen,2019/06/28 E090 ,JPY,100,-444180,-444180,,,
102240,5100073494,20191029,Gen,2019/07/26 E090 ,JPY,100,-679205,-679205,,,
102240,5100073540,20191029,Gen,2019/07/31 E090 ,JPY,100,-864000,-864000,,,
102240,5100073541,20191029,Gen,2019/07/31 E090 ,JPY,100,-1188000,-1188000,,,
102240,5100073542,20191029,Gen,2019/07/31 E090 ,JPY,100,-1296000,-1296000,,,
102240,5100073543,20191029,Gen,2019/07/31 E090 ,JPY,100,-1188000,-1188000,,,
102240,5100073544,20191029,Gen,2019/07/31 E090 ,JPY,100,-1134000,-1134000,,,
102240,5100073545,20191029,Gen,2019/07/31 E090 ,JPY,100,-1296000,-1296000,,,
102240,5100073546,20191029,Gen,2019/07/31 E090 ,JPY,100,-1134000,-1134000,,,
102240,5100073547,20191029,Gen,2019/07/31 E090 ,JPY,100,-1134000,-1134000,,,
102240,5100074185,20191129,Gen,2019/08/23 E090 ,JPY,100,-653335,-653335,,,
102242,5100073442,20191029,Gen,2019/07/24 E090 ,JPY,100,-316440,-316440,,,
102251,5100074186,20190930,Gen,2019/08/23 E030 ,JPY,100,-241984,-241984,,,
102255-USD,5100073051,20190929,Gen,2019/07/08 E060 ,USD,10633,-45.36,-4823,,,
102255-USD,5100073052,20190929,Gen,2019/07/08 E060 ,USD,10633,-22.68,-2412,,,
102255-USD,5100073053,20190929,Gen,2019/07/08 E060 ,USD,10633,-58.32,-6201,,,
102255-USD,5100073054,20190929,Gen,2019/07/08 E060 ,USD,10633,-11.88,-1263,,,
102255-USD,5100073173,20190929,Gen,2019/07/12 E060 ,USD,10633,-4665.6,-496093,,,
102255-USD,5100073548,20190929,Gen,2019/07/31 E060 ,USD,10633,-2980.8,-316948,,,
102255-USD,5100074084,20191030,Gen,2019/08/22 E060 ,USD,10633,-648,-68902,,,
102255-USD,5100074085,20191030,Gen,2019/08/22 E060 ,USD,10633,-21.6,-2297,,,
102255-USD,5100074086,20191030,Gen,2019/08/22 E060 ,USD,10633,-162,-17225,,,
102257,5100073685,20190930,Gen,2019/08/05 E030 ,JPY,100,-108164,-108164,,,
102257,5100074005,20190930,Gen,2019/08/20 E030 ,JPY,100,-46224,-46224,,,
102257,5100074033,20190930,Gen,2019/08/21 E030 ,JPY,100,-125550,-125550,,,
102271,5100071741,20190927,Gen,2019/04/25 E150 ,JPY,100,-55522,-55522,,,
102271,5100071742,20190927,Gen,2019/04/25 E150 ,JPY,100,-48357,-48357,,,
102271,5100072032,20191028,Gen,2019/05/09 E150 ,JPY,100,-16524,-16524,,,
102271,5100072033,20191028,Gen,2019/05/09 E150 ,JPY,100,-43502,-43502,,,
102271,5100072095,20191028,Gen,2019/05/16 E150 ,JPY,100,-30051,-30051,,,
102271,5100072096,20191028,Gen,2019/05/16 E150 ,JPY,100,-18954,-18954,,,
102271,5100072244,20191028,Gen,2019/05/23 E150 ,JPY,100,-19175,-19175,,,
102271,5100072245,20191028,Gen,2019/05/23 E150 ,JPY,100,-29160,-29160,,,
102271,5100072370,20191028,Gen,2019/05/31 E150 ,JPY,100,-24327,-24327,,,
102271,5100072371,20191028,Gen,2019/05/31 E150 ,JPY,100,-15066,-15066,,,
102271,5100072451,20191127,Gen,2019/06/05 E150 ,JPY,100,-15454,-15454,,,
102271,5100072452,20191127,Gen,2019/06/05 E150 ,JPY,100,-25515,-25515,,,
102271,5100072459,20191127,Gen,2019/06/10 E150 ,JPY,100,-12306,-12306,,,
102271,5100072583,20191127,Gen,2019/06/13 E150 ,JPY,100,-21751,-21751,,,
102271,5100072584,20191127,Gen,2019/06/13 E150 ,JPY,100,-14094,-14094,,,
102271,5100072585,20191127,Gen,2019/06/13 E150 ,JPY,100,-13365,-13365,,,
102271,5100072708,20191127,Gen,2019/06/20 E150 ,JPY,100,-26044,-26044,,,
102271,5100072709,20191127,Gen,2019/06/20 E150 ,JPY,100,-26730,-26730,,,
102271,5100072938,20191127,Gen,2019/06/28 E150 ,JPY,100,-17458,-17458,,,
102271,5100072939,20191127,Gen,2019/06/28 E150 ,JPY,100,-12306,-12306,,,
102271,5100072940,20191127,Gen,2019/06/28 E150 ,JPY,100,-25515,-25515,,,
102271,5100073010,20191228,Gen,2019/07/05 E150 ,JPY,100,-33048,-33048,,,
102271,5100073011,20191228,Gen,2019/07/05 E150 ,JPY,100,-28906,-28906,,,
102271,5100073174,20191228,Gen,2019/07/12 E150 ,JPY,100,-29478,-29478,,,
102271,5100073175,20191228,Gen,2019/07/12 E150 ,JPY,100,-29160,-29160,,,
102271,5100073313,20191228,Gen,2019/07/18 E150 ,JPY,100,-25515,-25515,,,
102271,5100073358,20191228,Gen,2019/07/19 E150 ,JPY,100,-30051,-30051,,,
102271,5100073476,20191228,Gen,2019/07/25 E150 ,JPY,100,-28906,-28906,,,
102271,5100073477,20191228,Gen,2019/07/25 E150 ,JPY,100,-24543,-24543,,,
102271,5100073491,20191228,Gen,2019/07/25 E150 ,JPY,100,-4374,-4374,,,
102271,5100073609,20200128,Gen,2019/08/02 E150 ,JPY,100,-27216,-27216,,,
102271,5100073610,20200128,Gen,2019/08/02 E150 ,JPY,100,-37778,-37778,,,
102271,5100073772,20200128,Gen,2019/08/08 E150 ,JPY,100,-20412,-20412,,,
102271,5100073773,20200128,Gen,2019/08/08 E150 ,JPY,100,-33534,-33534,,,
102271,5100073786,20200128,Gen,2019/08/08 E150 ,JPY,100,-50943,-50943,,,
102271,5100074087,20200128,Gen,2019/08/22 E150 ,JPY,100,-32054,-32054,,,
102271,5100074088,20200128,Gen,2019/08/22 E150 ,JPY,100,-27216,-27216,,,
102306,5100073686,20190919,Gen,2019/08/05 N045 ,JPY,100,-92165,-92165,,,
102306,5100074034,20190930,Gen,2019/08/21 N045 ,JPY,100,-373000,-373000,,,
102306,5100074187,20190930,Gen,2019/08/23 N045 ,JPY,100,-25510,-25510,,,
102306,5100074188,20190930,Gen,2019/08/23 N045 ,JPY,100,-7260,-7260,,,
102309,1700000528,20190905,Gen,2019/07/26  4500033917 Variance,USD,10633,305.31,32464,,,
102309,1700000538,20190905,Gen,2019/07/31  4500033917 Variance,USD,10633,203.54,21642,,,
102309,1900005255,20190905,Gen,2019/07/24 E045 7084238 MQR Cost for Jul 2019,USD,10633,-645.29,-68614,,,
102309,1900005270,20190905,Gen,2019/08/05 E045 52100041 Debit note charge FQ4'19 Revalue,USD,10633,-18496.75,-1966759,,,
102309,1900005331,20191005,Gen,2019/08/23 E045 7084967 MQR Cost for Aug 2019,USD,10633,-2212.98,-235306,,,
102309,5100072156,20190904,Gen,2019/05/17 E030 ,USD,10633,-19.5,-2073,,,
102309,5100072993,20190830,Gen,2019/07/03 E030 ,USD,10633,-53277.2,-5664965,,,
102309,5100072994,20190830,Gen,2019/07/03 E030 ,USD,10633,-579.1,-61576,,,
102309,5100072995,20190830,Gen,2019/07/03 E030 ,USD,10633,-477.33,-50754,,,
102309,5100072996,20190830,Gen,2019/07/03 E030 ,USD,10633,-477.33,-50754,,,
102309,5100072997,20190830,Gen,2019/07/03 E030 ,USD,10633,-579.1,-61576,,,
102309,5100072998,20190830,Gen,2019/07/03 E030 ,USD,10633,-17119.2,-1820285,,,
102309,5100072999,20190830,Gen,2019/07/03 E030 ,USD,10633,-86865,-9236355,,,
102309,5100073000,20190830,Gen,2019/07/03 E030 ,USD,10633,-579.1,-61576,,,
102309,5100073001,20190830,Gen,2019/07/03 E030 ,USD,10633,-9265.6,-985211,,,
102309,5100073002,20190830,Gen,2019/07/03 E030 ,USD,10633,-35904.2,-3817694,,,
102309,5100073003,20190830,Gen,2019/07/03 E030 ,USD,10633,-2318.44,-246520,,,
102309,5100073004,20190830,Gen,2019/07/03 E030 ,USD,10633,-22025.18,-2341937,,,
102309,5100073005,20190830,Gen,2019/07/03 E030 ,USD,10633,-1711.92,-182028,,,
102309,5100073012,20190830,Gen,2019/07/05 E030 ,USD,10633,-82.6,-8783,,,
102309,5100073013,20190830,Gen,2019/07/05 E030 ,USD,10633,-463.8,-49316,,,
102309,5100073014,20190830,Gen,2019/07/05 E030 ,USD,10633,-64.9,-6901,,,
102309,5100073015,20190830,Gen,2019/07/05 E030 ,USD,10633,-135.7,-14429,,,
102309,5100073016,20190830,Gen,2019/07/05 E030 ,USD,10633,-318.6,-33877,,,
102309,5100073017,20190830,Gen,2019/07/05 E030 ,USD,10633,-59,-6273,,,
102309,5100073018,20190830,Gen,2019/07/05 E030 ,USD,10633,-236,-25094,,,
102309,5100073019,20190830,Gen,2019/07/05 E030 ,USD,10633,-18531.2,-1970422,,,
102309,5100073020,20190830,Gen,2019/07/05 E030 ,USD,10633,-96709.7,-10283142,,,
102309,5100073021,20190830,Gen,2019/07/05 E030 ,USD,10633,-9265.6,-985211,,,
102309,5100073022,20190830,Gen,2019/07/05 E030 ,USD,10633,-579.1,-61576,,,
102309,5100073023,20190830,Gen,2019/07/05 E030 ,USD,10633,-1737.3,-184727,,,
102309,5100073024,20190830,Gen,2019/07/05 E030 ,USD,10633,-44014.74,-4680087,,,
102309,5100073031,20190830,Gen,2019/07/05 E030 ,USD,10633,-579.1,-61576,,,
102309,5100073032,20190830,Gen,2019/07/05 E030 ,USD,10633,-173730,-18472711,,,
102309,5100073033,20190830,Gen,2019/07/05 E030 ,USD,10633,-18255.24,-1941080,,,
102309,5100073034,20190830,Gen,2019/07/05 E030 ,USD,10633,-2028.36,-215676,,,
102309,5100073035,20190830,Gen,2019/07/05 E030 ,USD,10633,-14477.5,-1539393,,,
102309,5100073036,20190830,Gen,2019/07/05 E030 ,USD,10633,-579.61,-61630,,,
102309,5100073037,20190830,Gen,2019/07/05 E030 ,USD,10633,-579.61,-61630,,,
102309,5100073038,20190830,Gen,2019/07/05 E030 ,USD,10633,-4057.27,-431410,,,
102309,5100073039,20190830,Gen,2019/07/05 E030 ,USD,10633,-55593.6,-5911267,,,
102309,5100073040,20190830,Gen,2019/07/05 E030 ,USD,10633,-144775,-15393926,,,
102309,5100073041,20190830,Gen,2019/07/05 E030 ,USD,10633,-579.61,-61630,,,
102309,5100073042,20190830,Gen,2019/07/05 E030 ,USD,10633,-814.2,-86574,,,
102309,5100073043,20190830,Gen,2019/07/05 E030 ,USD,10633,-106.2,-11292,,,
102309,5100073044,20190830,Gen,2019/07/05 E030 ,USD,10633,-425.15,-45206,,,
102309,5100073055,20190830,Gen,2019/07/08 E030 ,USD,10633,-409.5,-43542,,,
102309,5100073056,20190830,Gen,2019/07/08 E030 ,USD,10633,-16793.9,-1785695,,,
102309,5100073057,20190830,Gen,2019/07/08 E030 ,USD,10633,-81653.1,-8682174,,,
102309,5100073058,20190830,Gen,2019/07/08 E030 ,USD,10633,-579.61,-61630,,,
102309,5100073059,20190830,Gen,2019/07/08 E030 ,USD,10633,-579.61,-61630,,,
102309,5100073060,20190830,Gen,2019/07/08 E030 ,USD,10633,-579.61,-61630,,,
102309,5100073061,20190830,Gen,2019/07/08 E030 ,USD,10633,-17960.78,-1909770,,,
102309,5100073062,20190830,Gen,2019/07/08 E030 ,USD,10633,-12166.98,-1293715,,,
102309,5100073063,20190830,Gen,2019/07/08 E030 ,USD,10633,-50985.44,-5421282,,,
102309,5100073064,20190830,Gen,2019/07/08 E030 ,USD,10633,-19119.54,-2032981,,,
102309,5100073065,20190830,Gen,2019/07/08 E030 ,USD,10633,-8559.6,-910142,,,
102309,5100073066,20190830,Gen,2019/07/08 E030 ,USD,10633,-354,-37641,,,
102309,5100073067,20190830,Gen,2019/07/08 E030 ,USD,10633,-19843.5,-2109959,,,
102309,5100073068,20190830,Gen,2019/07/08 E030 ,USD,10633,-483.8,-51442,,,
102309,5100073069,20190830,Gen,2019/07/08 E030 ,USD,10633,-507.4,-53952,,,
102309,5100073070,20190830,Gen,2019/07/08 E030 ,USD,10633,-93.6,-9952,,,
102309,5100073072,20190830,Gen,2019/07/09 E030 ,USD,10633,-1158.76,-123211,,,
102309,5100073073,20190830,Gen,2019/07/09 E030 ,USD,10633,-4055.66,-431238,,,
102309,5100073074,20190830,Gen,2019/07/09 E030 ,USD,10633,-8107.4,-862060,,,
102309,5100073075,20190830,Gen,2019/07/09 E030 ,USD,10633,-53.52,-5691,,,
102309,5100073076,20190830,Gen,2019/07/09 E030 ,USD,10633,-41.3,-4391,,,
102309,5100073077,20190830,Gen,2019/07/09 E030 ,USD,10633,-70.8,-7528,,,
102309,5100073078,20190830,Gen,2019/07/09 E030 ,USD,10633,-17.7,-1882,,,
102309,5100073079,20190830,Gen,2019/07/09 E030 ,USD,10633,-579.1,-61576,,,
102309,5100073080,20190830,Gen,2019/07/09 E030 ,USD,10633,-45169.8,-4802905,,,
102309,5100073081,20190830,Gen,2019/07/09 E030 ,USD,10633,-13905.12,-1478531,,,
102309,5100073082,20190830,Gen,2019/07/09 E030 ,USD,10633,-4632.8,-492606,,,
102309,5100073083,20190830,Gen,2019/07/09 E030 ,USD,10633,-117,-12441,,,
102309,5100073084,20190830,Gen,2019/07/09 E030 ,USD,10633,-58.5,-6220,,,
102309,5100073085,20190830,Gen,2019/07/09 E030 ,USD,10633,-122.85,-13063,,,
102309,5100073086,20190830,Gen,2019/07/09 E030 ,USD,10633,-11.7,-1244,,,
102309,5100073087,20190830,Gen,2019/07/09 E030 ,USD,10633,-11.8,-1255,,,
102309,5100073088,20190830,Gen,2019/07/09 E030 ,USD,10633,-6847.68,-728114,,,
102309,5100073089,20190830,Gen,2019/07/09 E030 ,USD,10633,-11983.44,-1274199,,,
102309,5100073090,20190830,Gen,2019/07/09 E030 ,USD,10633,-477.33,-50754,,,
102309,5100073091,20190830,Gen,2019/07/09 E030 ,USD,10633,-477.33,-50754,,,
102309,5100073092,20190830,Gen,2019/07/09 E030 ,USD,10633,-954.66,-101509,,,
102309,5100073093,20190830,Gen,2019/07/09 E030 ,USD,10633,-1909.32,-203018,,,
102309,5100073094,20190830,Gen,2019/07/09 E030 ,USD,10633,-477.33,-50754,,,
102309,5100073095,20190830,Gen,2019/07/09 E030 ,USD,10633,-954.66,-101509,,,
102309,5100073096,20190830,Gen,2019/07/09 E030 ,USD,10633,-3.48,-370,,,
102309,5100073097,20190830,Gen,2019/07/09 E030 ,USD,10633,-3.48,-370,,,
102309,5100073098,20190830,Gen,2019/07/09 E030 ,USD,10633,-17.06,-1814,,,
102309,5100073099,20190830,Gen,2019/07/09 E030 ,USD,10633,-579.61,-61630,,,
102309,5100073102,20190830,Gen,2019/07/09 E030 ,USD,10633,-579.1,-61576,,,
102309,5100073103,20190830,Gen,2019/07/09 E030 ,USD,10633,-8686.5,-923636,,,
102309,5100073104,20190830,Gen,2019/07/09 E030 ,USD,10633,-130876.6,-13916109,,,
102309,5100073105,20190830,Gen,2019/07/09 E030 ,USD,10633,-4632.8,-492606,,,
102309,5100073106,20190830,Gen,2019/07/09 E030 ,USD,10633,-955.22,-101569,,,
102309,5100073107,20190830,Gen,2019/07/09 E030 ,USD,10633,-3818.64,-406036,,,
102309,5100073108,20190830,Gen,2019/07/09 E030 ,USD,10633,-3341.31,-355281,,,
102309,5100073109,20190830,Gen,2019/07/09 E030 ,USD,10633,-1737.3,-184727,,,
102309,5100073110,20190830,Gen,2019/07/09 E030 ,USD,10633,-579.61,-61630,,,
102309,5100073111,20190830,Gen,2019/07/09 E030 ,USD,10633,-579.61,-61630,,,
102309,5100073112,20190830,Gen,2019/07/09 E030 ,USD,10633,-1159.22,-123260,,,
102309,5100073113,20190830,Gen,2019/07/09 E030 ,USD,10633,-8690.7,-924082,,,
102309,5100073114,20190830,Gen,2019/07/09 E030 ,USD,10633,-13325.74,-1416926,,,
102309,5100073115,20190830,Gen,2019/07/09 E030 ,USD,10633,-413,-43914,,,
102309,5100073116,20190830,Gen,2019/07/09 E030 ,USD,10633,-47.2,-5019,,,
102309,5100073117,20190830,Gen,2019/07/09 E030 ,USD,10633,-354,-37641,,,
102309,5100073118,20190830,Gen,2019/07/09 E030 ,USD,10633,-118,-12547,,,
102309,5100073119,20190830,Gen,2019/07/09 E030 ,USD,10633,-92.76,-9863,,,
102309,5100073120,20190830,Gen,2019/07/09 E030 ,USD,10633,-236,-25094,,,
102309,5100073121,20190830,Gen,2019/07/09 E030 ,USD,10633,-153.4,-16311,,,
102309,5100073122,20190830,Gen,2019/07/09 E030 ,USD,10633,-177,-18820,,,
102309,5100073125,20190830,Gen,2019/07/09 E030 ,USD,10633,-70.2,-7464,,,
102309,5100073126,20190830,Gen,2019/07/10 E030 ,USD,10633,-19.64,-2088,,,
102309,5100073127,20190830,Gen,2019/07/10 E030 ,USD,10633,-676.12,-71892,,,
102309,5100073128,20190830,Gen,2019/07/10 E030 ,USD,10633,-4732.84,-503243,,,
102309,5100073129,20190830,Gen,2019/07/10 E030 ,USD,10633,-676.06,-71885,,,
102309,5100073130,20190830,Gen,2019/07/10 E030 ,USD,10633,-43947.8,-4672970,,,
102309,5100073131,20190830,Gen,2019/07/10 E030 ,USD,10633,-51539.9,-5480238,,,
102309,5100073132,20190830,Gen,2019/07/10 E030 ,USD,10633,-9270.08,-985688,,,
102309,5100073133,20190830,Gen,2019/07/10 E030 ,USD,10633,-23175.2,-2464219,,,
102309,5100073134,20190830,Gen,2019/07/10 E030 ,USD,10633,-2896.9,-308027,,,
102309,5100073135,20190830,Gen,2019/07/10 E030 ,USD,10633,-15643.26,-1663348,,,
102309,5100073136,20190830,Gen,2019/07/10 E030 ,USD,10633,-6952.56,-739266,,,
102309,5100073137,20190830,Gen,2019/07/10 E030 ,USD,10633,-2316.4,-246303,,,
102309,5100073138,20190830,Gen,2019/07/10 E030 ,USD,10633,-84.37,-8971,,,
102309,5100073139,20190830,Gen,2019/07/10 E030 ,USD,10633,-579.1,-61576,,,
102309,5100073140,20190830,Gen,2019/07/10 E030 ,USD,10633,-4055.66,-431238,,,
102309,5100073141,20190830,Gen,2019/07/10 E030 ,USD,10633,-4053.7,-431030,,,
102309,5100073142,20190830,Gen,2019/07/10 E030 ,USD,10633,-7528.3,-800484,,,
102309,5100073143,20190830,Gen,2019/07/10 E030 ,USD,10633,-17373,-1847271,,,
102309,5100073144,20190830,Gen,2019/07/10 E030 ,USD,10633,-625.58,-66518,,,
102309,5100073145,20190830,Gen,2019/07/10 E030 ,USD,10633,-23146.46,-2461163,,,
102309,5100073146,20190830,Gen,2019/07/10 E030 ,USD,10633,-625.58,-66518,,,
102309,5100073147,20190830,Gen,2019/07/10 E030 ,USD,10633,-661.45,-70332,,,
102309,5100073148,20190830,Gen,2019/07/10 E030 ,USD,10633,-625.58,-66518,,,
102309,5100073149,20190830,Gen,2019/07/10 E030 ,USD,10633,-40013.4,-4254625,,,
102309,5100073150,20190830,Gen,2019/07/10 E030 ,USD,10633,-8002.68,-850925,,,
102309,5100073155,20190830,Gen,2019/07/10 E030 ,USD,10633,-27119.45,-2883611,,,
102309,5100073156,20190830,Gen,2019/07/10 E030 ,USD,10633,-182.9,-19448,,,
102309,5100073157,20190830,Gen,2019/07/10 E030 ,USD,10633,-182.9,-19448,,,
102309,5100073158,20190830,Gen,2019/07/10 E030 ,USD,10633,-354,-37641,,,
102309,5100073159,20190830,Gen,2019/07/10 E030 ,USD,10633,-11.7,-1244,,,
102309,5100073160,20190830,Gen,2019/07/10 E030 ,USD,10633,-7531.94,-800871,,,
102309,5100073161,20190830,Gen,2019/07/10 E030 ,USD,10633,-13898.4,-1477817,,,
102309,5100073162,20190830,Gen,2019/07/10 E030 ,USD,10633,-20847.6,-2216725,,,
102309,5100073163,20190830,Gen,2019/07/10 E030 ,USD,10633,-1352.24,-143784,,,
102309,5100073164,20190830,Gen,2019/07/10 E030 ,USD,10633,-6.5,-691,,,
102309,5100073178,20190830,Gen,2019/07/12 E030 ,USD,10633,-188.8,-20075,,,
102309,5100073179,20190830,Gen,2019/07/12 E030 ,USD,10633,-140.4,-14929,,,
102309,5100073180,20190830,Gen,2019/07/12 E030 ,USD,10633,-118,-12547,,,
102309,5100073181,20190830,Gen,2019/07/12 E030 ,USD,10633,-424.8,-45169,,,
102309,5100073182,20190830,Gen,2019/07/12 E030 ,USD,10633,-177,-18820,,,
102309,5100073183,20190830,Gen,2019/07/12 E030 ,USD,10633,-5214.42,-554449,,,
102309,5100073184,20190830,Gen,2019/07/12 E030 ,USD,10633,-2898.05,-308150,,,
102309,5100073185,20190830,Gen,2019/07/12 E030 ,USD,10633,-1159.22,-123260,,,
102309,5100073186,20190830,Gen,2019/07/12 E030 ,USD,10633,-5211.9,-554181,,,
102309,5100073187,20190830,Gen,2019/07/12 E030 ,USD,10633,-4053.7,-431030,,,
102309,5100073188,20190830,Gen,2019/07/12 E030 ,USD,10633,-12166.98,-1293715,,,
102309,5100073189,20190830,Gen,2019/07/12 E030 ,USD,10633,-2318.44,-246520,,,
102309,5100073190,20190830,Gen,2019/07/12 E030 ,USD,10633,-146.25,-15551,,,
102309,5100073191,20190830,Gen,2019/07/12 E030 ,USD,10633,-23.6,-2509,,,
102309,5100073192,20190830,Gen,2019/07/12 E030 ,USD,10633,-5.85,-622,,,
102309,5100073193,20190830,Gen,2019/07/12 E030 ,USD,10633,-118,-12547,,,
102309,5100073194,20190830,Gen,2019/07/12 E030 ,USD,10633,-531,-56461,,,
102309,5100073195,20190830,Gen,2019/07/12 E030 ,USD,10633,-269.1,-28613,,,
102309,5100073196,20190830,Gen,2019/07/12 E030 ,USD,10633,-23.4,-2488,,,
102309,5100073198,20190830,Gen,2019/07/16 E030 ,USD,10633,-8690.7,-924082,,,
102309,5100073199,20190830,Gen,2019/07/16 E030 ,USD,10633,-6949.2,-738908,,,
102309,5100073200,20190830,Gen,2019/07/16 E030 ,USD,10633,-4053.7,-431030,,,
102309,5100073201,20190830,Gen,2019/07/16 E030 ,USD,10633,-6952.56,-739266,,,
102309,5100073202,20190830,Gen,2019/07/16 E030 ,USD,10633,-8107.4,-862060,,,
102309,5100073203,20190830,Gen,2019/07/16 E030 ,USD,10633,-2316.4,-246303,,,
102309,5100073204,20190830,Gen,2019/07/16 E030 ,USD,10633,-10423.8,-1108363,,,
102309,5100073205,20190830,Gen,2019/07/16 E030 ,USD,10633,-13905.12,-1478531,,,
102309,5100073206,20190830,Gen,2019/07/16 E030 ,USD,10633,-1737.3,-184727,,,
102309,5100073207,20190830,Gen,2019/07/16 E030 ,USD,10633,-2316.4,-246303,,,
102309,5100073208,20190830,Gen,2019/07/16 E030 ,USD,10633,-27796.8,-2955634,,,
102309,5100073209,20190830,Gen,2019/07/16 E030 ,USD,10633,-16793.9,-1785695,,,
102309,5100073210,20190830,Gen,2019/07/16 E030 ,USD,10633,-1737.3,-184727,,,
102309,5100073211,20190830,Gen,2019/07/16 E030 ,USD,10633,-82.6,-8783,,,
102309,5100073212,20190830,Gen,2019/07/16 E030 ,USD,10633,-318.6,-33877,,,
102309,5100073213,20190830,Gen,2019/07/16 E030 ,USD,10633,-354,-37641,,,
102309,5100073214,20190830,Gen,2019/07/16 E030 ,USD,10633,-140.4,-14929,,,
102309,5100073215,20190830,Gen,2019/07/16 E030 ,USD,10633,-17.06,-1814,,,
102309,5100073216,20190830,Gen,2019/07/16 E030 ,USD,10633,-25678.8,-2730427,,,
102309,5100073217,20190830,Gen,2019/07/16 E030 ,USD,10633,-2316.4,-246303,,,
102309,5100073218,20190830,Gen,2019/07/16 E030 ,USD,10633,-16793.9,-1785695,,,
102309,5100073219,20190830,Gen,2019/07/16 E030 ,USD,10633,-2895.5,-307879,,,
102309,5100073220,20190830,Gen,2019/07/16 E030 ,USD,10633,-23.19,-2466,,,
102309,5100073221,20190830,Gen,2019/07/16 E030 ,USD,10633,-117,-12441,,,
102309,5100073222,20190830,Gen,2019/07/16 E030 ,USD,10633,-236,-25094,,,
102309,5100073223,20190830,Gen,2019/07/16 E030 ,USD,10633,-5.9,-627,,,
102309,5100073224,20190830,Gen,2019/07/16 E030 ,USD,10633,-194.7,-20702,,,
102309,5100073225,20190830,Gen,2019/07/16 E030 ,USD,10633,-245.7,-26125,,,
102309,5100073226,20190830,Gen,2019/07/16 E030 ,USD,10633,-11587.6,-1232110,,,
102309,5100073227,20190830,Gen,2019/07/16 E030 ,USD,10633,-3474.6,-369454,,,
102309,5100073228,20190830,Gen,2019/07/16 E030 ,USD,10633,-56751.8,-6034419,,,
102309,5100073229,20190830,Gen,2019/07/16 E030 ,USD,10633,-15643.26,-1663348,,,
102309,5100073230,20190830,Gen,2019/07/16 E030 ,USD,10633,-19689.4,-2093574,,,
102309,5100073231,20190830,Gen,2019/07/16 E030 ,USD,10633,-33587.8,-3571391,,,
102309,5100073232,20190830,Gen,2019/07/16 E030 ,USD,10633,-12740.2,-1354665,,,
102309,5100073233,20190830,Gen,2019/07/16 E030 ,USD,10633,-2704.48,-287567,,,
102309,5100073234,20190830,Gen,2019/07/16 E030 ,USD,10633,-8111.32,-862477,,,
102309,5100073235,20190830,Gen,2019/07/16 E030 ,USD,10633,-579.38,-61605,,,
102309,5100073236,20190830,Gen,2019/07/16 E030 ,USD,10633,-18531.2,-1970422,,,
102309,5100073237,20190830,Gen,2019/07/16 E030 ,USD,10633,-15063.88,-1601742,,,
102309,5100073238,20190830,Gen,2019/07/16 E030 ,USD,10633,-6949.2,-738908,,,
102309,5100073239,20190830,Gen,2019/07/16 E030 ,USD,10633,-29102.64,-3094484,,,
102309,5100073240,20190830,Gen,2019/07/16 E030 ,USD,10633,-13695.36,-1456228,,,
102309,5100073241,20190830,Gen,2019/07/16 E030 ,USD,10633,-123.9,-13174,,,
102309,5100073242,20190830,Gen,2019/07/16 E030 ,USD,10633,-171.1,-18193,,,
102309,5100073243,20190830,Gen,2019/07/16 E030 ,USD,10633,-177,-18820,,,
102309,5100073280,20190830,Gen,2019/07/17 E030 ,USD,10633,-8686.5,-923636,,,
102309,5100073281,20190830,Gen,2019/07/17 E030 ,USD,10633,-45191.64,-4805227,,,
102309,5100073282,20190830,Gen,2019/07/17 E030 ,USD,10633,-5211.9,-554181,,,
102309,5100073283,20190830,Gen,2019/07/17 E030 ,USD,10633,-2895.5,-307879,,,
102309,5100073284,20190830,Gen,2019/07/17 E030 ,USD,10633,-2316.4,-246303,,,
102309,5100073285,20190830,Gen,2019/07/17 E030 ,USD,10633,-1737.3,-184727,,,
102309,5100073286,20190830,Gen,2019/07/17 E030 ,USD,10633,-2317.52,-246422,,,
102309,5100073287,20190830,Gen,2019/07/17 E030 ,USD,10633,-11582,-1231514,,,
102309,5100073288,20190830,Gen,2019/07/17 E030 ,USD,10633,-118,-12547,,,
102309,5100073289,20190830,Gen,2019/07/17 E030 ,USD,10633,-48065.3,-5110783,,,
102309,5100073290,20190830,Gen,2019/07/17 E030 ,USD,10633,-8686.5,-923636,,,
102309,5100073291,20190830,Gen,2019/07/17 E030 ,USD,10633,-4055.66,-431238,,,
102309,5100073292,20190830,Gen,2019/07/17 E030 ,USD,10633,-175.5,-18661,,,
102309,5100073293,20190830,Gen,2019/07/17 E030 ,USD,10633,-163.8,-17417,,,
102309,5100073294,20190830,Gen,2019/07/17 E030 ,USD,10633,-41086.08,-4368683,,,
102309,5100073295,20190830,Gen,2019/07/17 E030 ,USD,10633,-13,-1382,,,
102309,5100073296,20190830,Gen,2019/07/17 E030 ,USD,10633,-29.5,-3137,,,
102309,5100073297,20190830,Gen,2019/07/17 E030 ,USD,10633,-218.3,-23212,,,
102309,5100073298,20190830,Gen,2019/07/17 E030 ,USD,10633,-118,-12547,,,
102309,5100073299,20190830,Gen,2019/07/17 E030 ,USD,10633,-401.2,-42660,,,
102309,5100073300,20190830,Gen,2019/07/17 E030 ,USD,10633,-2896.9,-308027,,,
102309,5100073301,20190830,Gen,2019/07/17 E030 ,USD,10633,-12161.1,-1293090,,,
102309,5100073302,20190830,Gen,2019/07/17 E030 ,USD,10633,-3476.28,-369633,,,
102309,5100073303,20190830,Gen,2019/07/17 E030 ,USD,10633,-27230.86,-2895457,,,
102309,5100073304,20190830,Gen,2019/07/17 E030 ,USD,10633,-1738.14,-184816,,,
102309,5100073305,20190830,Gen,2019/07/17 E030 ,USD,10633,-29489.28,-3135595,,,
102309,5100073314,20190830,Gen,2019/07/18 E030 ,USD,10633,-9921.75,-1054980,,,
102309,5100073315,20190830,Gen,2019/07/18 E030 ,USD,10633,-11.8,-1255,,,
102309,5100073316,20190830,Gen,2019/07/18 E030 ,USD,10633,-5.9,-627,,,
102309,5100073317,20190830,Gen,2019/07/18 E030 ,USD,10633,-2.04,-217,,,
102309,5100073318,20190830,Gen,2019/07/18 E030 ,USD,10633,-1677.93,-178414,,,
102309,5100073319,20190830,Gen,2019/07/18 E030 ,USD,10633,-1738.83,-184890,,,
102309,5100073320,20190830,Gen,2019/07/18 E030 ,USD,10633,-579.61,-61630,,,
102309,5100073321,20190830,Gen,2019/07/18 E030 ,USD,10633,-1352.24,-143784,,,
102309,5100073322,20190830,Gen,2019/07/18 E030 ,USD,10633,-676.06,-71885,,,
102309,5100073323,20190830,Gen,2019/07/18 E030 ,USD,10633,-21665.32,-2303673,,,
102309,5100073324,20190830,Gen,2019/07/18 E030 ,USD,10633,-579.38,-61605,,,
102309,5100073325,20190830,Gen,2019/07/18 E030 ,USD,10633,-19698.92,-2094586,,,
102309,5100073326,20190830,Gen,2019/07/18 E030 ,USD,10633,-579.38,-61605,,,
102309,5100073327,20190830,Gen,2019/07/18 E030 ,USD,10633,-2317.52,-246422,,,
102309,5100073328,20190830,Gen,2019/07/18 E030 ,USD,10633,-1738.14,-184816,,,
102309,5100073329,20190830,Gen,2019/07/18 E030 ,USD,10633,-579.1,-61576,,,
102309,5100073330,20190830,Gen,2019/07/18 E030 ,USD,10633,-579.1,-61576,,,
102309,5100073331,20190830,Gen,2019/07/18 E030 ,USD,10633,-2.34,-249,,,
102309,5100073332,20190830,Gen,2019/07/18 E030 ,USD,10633,-31.53,-3353,,,
102309,5100073333,20190830,Gen,2019/07/18 E030 ,USD,10633,-2.55,-272,,,
102309,5100073334,20190830,Gen,2019/07/18 E030 ,USD,10633,-15.59,-1657,,,
102309,5100073335,20190830,Gen,2019/07/18 E030 ,USD,10633,-1.55,-165,,,
102309,5100073336,20190830,Gen,2019/07/18 E030 ,USD,10633,-2504.86,-266342,,,
102309,5100073337,20190830,Gen,2019/07/18 E030 ,USD,10633,-4.95,-526,,,
102309,5100073338,20190830,Gen,2019/07/18 E030 ,USD,10633,-0.24,-26,,,
102309,5100073339,20190830,Gen,2019/07/18 E030 ,USD,10633,-212.89,-22637,,,
102309,5100073360,20190830,Gen,2019/07/19 E030 ,USD,10633,-5.9,-627,,,
102309,5100073361,20190830,Gen,2019/07/19 E030 ,USD,10633,-118,-12547,,,
102309,5100073362,20190830,Gen,2019/07/19 E030 ,USD,10633,-541.1,-57535,,,
102309,5100073363,20190830,Gen,2019/07/19 E030 ,USD,10633,-312.7,-33249,,,
102309,5100073364,20190830,Gen,2019/07/19 E030 ,USD,10633,-59,-6273,,,
102309,5100073365,20190830,Gen,2019/07/19 E030 ,USD,10633,-271.4,-28858,,,
102309,5100073366,20190830,Gen,2019/07/19 E030 ,USD,10633,-1158.76,-123211,,,
102309,5100073367,20190830,Gen,2019/07/19 E030 ,USD,10633,-579.1,-61576,,,
102309,5100073368,20190830,Gen,2019/07/19 E030 ,USD,10633,-579.38,-61605,,,
102309,5100073369,20190830,Gen,2019/07/19 E030 ,USD,10633,-1737.3,-184727,,,
102309,5100073370,20190830,Gen,2019/07/19 E030 ,USD,10633,-2896.9,-308027,,,
102309,5100073371,20190830,Gen,2019/07/19 E030 ,USD,10633,-3423.84,-364057,,,
102309,5100073372,20190830,Gen,2019/07/19 E030 ,USD,10633,-4632.8,-492606,,,
102309,5100073373,20190830,Gen,2019/07/19 E030 ,USD,10633,-1158.76,-123211,,,
102309,5100073374,20190830,Gen,2019/07/19 E030 ,USD,10633,-579.38,-61605,,,
102309,5100073375,20190830,Gen,2019/07/19 E030 ,USD,10633,-579.1,-61576,,,
102309,5100073376,20190830,Gen,2019/07/19 E030 ,USD,10633,-579.1,-61576,,,
102309,5100073377,20190830,Gen,2019/07/19 E030 ,USD,10633,-8789.56,-934594,,,
102309,5100073378,20190830,Gen,2019/07/19 E030 ,USD,10633,-92,-9782,,,
102309,5100073380,20190830,Gen,2019/07/19 E030 ,USD,10633,-9.2,-978,,,
102309,5100073381,20190830,Gen,2019/07/19 E030 ,USD,10633,-1322.76,-140649,,,
102309,5100073382,20190830,Gen,2019/07/19 E030 ,USD,10633,-463.8,-49316,,,
102309,5100073383,20190830,Gen,2019/07/19 E030 ,USD,10633,-47.2,-5019,,,
102309,5100073384,20190830,Gen,2019/07/19 E030 ,USD,10633,-472,-50188,,,
102309,5100073391,20190830,Gen,2019/07/22 E030 ,USD,10633,-267.6,-28454,,,
102309,5100073399,20190830,Gen,2019/07/22 E030 ,USD,10633,-1158.2,-123151,,,
102309,5100073400,20190830,Gen,2019/07/22 E030 ,USD,10633,-1737.3,-184727,,,
102309,5100073401,20190830,Gen,2019/07/22 E030 ,USD,10633,-579.1,-61576,,,
102309,5100073402,20190830,Gen,2019/07/22 E030 ,USD,10633,-2318.44,-246520,,,
102309,5100073403,20190830,Gen,2019/07/22 E030 ,USD,10633,-579.61,-61630,,,
102309,5100073404,20190830,Gen,2019/07/22 E030 ,USD,10633,-1738.14,-184816,,,
102309,5100073405,20190830,Gen,2019/07/22 E030 ,USD,10633,-579.38,-61605,,,
102309,5100073406,20190830,Gen,2019/07/22 E030 ,USD,10633,-541.1,-57535,,,
102309,5100073407,20190830,Gen,2019/07/22 E030 ,USD,10633,-35.4,-3764,,,
102309,5100073408,20190830,Gen,2019/07/22 E030 ,USD,10633,-27777.96,-2953630,,,
102309,5100073409,20190830,Gen,2019/07/22 E030 ,USD,10633,-13,-1382,,,
102309,5100073410,20190830,Gen,2019/07/22 E030 ,USD,10633,-23.19,-2466,,,
102309,5100073411,20190830,Gen,2019/07/22 E030 ,USD,10633,-1322.76,-140649,,,
102309,5100073412,20190830,Gen,2019/07/22 E030 ,USD,10633,-30103.64,-3200920,,,
102309,5100073413,20190830,Gen,2019/07/22 E030 ,USD,10633,-614.36,-65325,,,
102309,5100073414,20190830,Gen,2019/07/22 E030 ,USD,10633,-1322.76,-140649,,,
102309,5100073426,20190830,Gen,2019/07/23 E030 ,USD,10633,-538.2,-57227,,,
102309,5100073427,20190830,Gen,2019/07/23 E030 ,USD,10633,-11.8,-1255,,,
102309,5100073428,20190830,Gen,2019/07/23 E030 ,USD,10633,-46.8,-4976,,,
102309,5100073429,20190830,Gen,2019/07/23 E030 ,USD,10633,-47.2,-5019,,,
102309,5100073430,20190830,Gen,2019/07/23 E030 ,USD,10633,-17119.2,-1820285,,,
102309,5100073431,20190830,Gen,2019/07/23 E030 ,USD,10633,-579.1,-61576,,,
102309,5100073432,20190830,Gen,2019/07/23 E030 ,USD,10633,-23966.88,-2548398,,,
102309,5100073433,20190830,Gen,2019/07/23 E030 ,USD,10633,-2645.8,-281328,,,
102309,5100073443,20190830,Gen,2019/07/24 E030 ,USD,10633,-30.92,-3288,,,
102309,5100073444,20190830,Gen,2019/07/24 E030 ,USD,10633,-108.22,-11507,,,
102309,5100073445,20190830,Gen,2019/07/24 E030 ,USD,10633,-154.6,-16439,,,
102309,5100073446,20190830,Gen,2019/07/24 E030 ,USD,10633,-239.85,-25503,,,
102309,5100073447,20190830,Gen,2019/07/24 E030 ,USD,10633,-76.05,-8086,,,
102309,5100073448,20190830,Gen,2019/07/24 E030 ,USD,10633,-29489.28,-3135595,,,
102309,5100073449,20190830,Gen,2019/07/24 E030 ,USD,10633,-1228.72,-130650,,,
102309,5100073450,20190830,Gen,2019/07/24 E030 ,USD,10633,-14551.9,-1547304,,,
102309,5100073451,20190830,Gen,2019/07/24 E030 ,USD,10633,-4053.7,-431030,,,
102309,5100073452,20190830,Gen,2019/07/24 E030 ,USD,10633,-5211.9,-554181,,,
102309,5100073453,20190830,Gen,2019/07/24 E030 ,USD,10633,-2896.9,-308027,,,
102309,5100073454,20190830,Gen,2019/07/24 E030 ,USD,10633,-579.61,-61630,,,
102309,5100073455,20190830,Gen,2019/07/24 E030 ,USD,10633,-579.1,-61576,,,
102309,5100073456,20190830,Gen,2019/07/24 E030 ,USD,10633,-2316.4,-246303,,,
102309,5100073457,20190830,Gen,2019/07/24 E030 ,USD,10633,-4632.8,-492606,,,
102309,5100073458,20190830,Gen,2019/07/24 E030 ,USD,10633,-4632.8,-492606,,,
102309,5100073459,20190830,Gen,2019/07/24 E030 ,USD,10633,-6260,-665626,,,
102309,5100073460,20190830,Gen,2019/07/24 E030 ,USD,10633,-542.64,-57699,,,
102309,5100073461,20190830,Gen,2019/07/24 E030 ,USD,10633,-400,-42532,,,
102309,5100073478,20190830,Gen,2019/07/25 E030 ,USD,10633,-108.22,-11507,,,
102309,5100073479,20190830,Gen,2019/07/25 E030 ,USD,10633,-185.52,-19726,,,
102309,5100073480,20190830,Gen,2019/07/25 E030 ,USD,10633,-77.3,-8219,,,
102309,5100073481,20190830,Gen,2019/07/25 E030 ,USD,10633,-1251.16,-133036,,,
102309,5100073482,20190830,Gen,2019/07/25 E030 ,USD,10633,-1876.74,-199554,,,
102309,5100073483,20190830,Gen,2019/07/25 E030 ,USD,10633,-625.58,-66518,,,
102309,5100073484,20190830,Gen,2019/07/25 E030 ,USD,10633,-7372.32,-783899,,,
102309,5100073485,20190830,Gen,2019/07/25 E030 ,USD,10633,-23345.68,-2482346,,,
102309,5100073486,20190830,Gen,2019/07/25 E030 ,USD,10633,-2502.32,-266072,,,
102309,5100073487,20190830,Gen,2019/07/25 E030 ,USD,10633,-31749.6,-3375935,,,
102309,5100073488,20190830,Gen,2019/07/25 E030 ,USD,10633,-2645.8,-281328,,,
102309,5100073489,20190830,Gen,2019/07/25 E030 ,USD,10633,-579.1,-61576,,,
102309,5100073490,20190830,Gen,2019/07/25 E030 ,USD,10633,-1737.3,-184727,,,
102309,5100073495,20190830,Gen,2019/07/26 E030 ,USD,10633,-111.15,-11819,,,
102309,5100073496,20190830,Gen,2019/07/26 E030 ,USD,10633,-224.2,-23839,,,
102309,5100073497,20190830,Gen,2019/07/26 E030 ,USD,10633,-7506.96,-798215,,,
102309,5100073498,20190830,Gen,2019/07/26 E030 ,USD,10633,-4914.88,-522599,,,
102309,5100073499,20190830,Gen,2019/07/26 E030 ,USD,10633,-11672.84,-1241173,,,
102309,5100073500,20190830,Gen,2019/07/26 E030 ,USD,10633,-5004.64,-532143,,,
102309,5100073501,20190830,Gen,2019/07/26 E030 ,USD,10633,-11244.65,-1195644,,,
102309,5100073502,20190830,Gen,2019/07/26 E030 ,USD,10633,-3307.25,-351660,,,
102309,5100073503,20190830,Gen,2019/07/26 E030 ,USD,10633,-24473.65,-2602283,,,
102309,5100073504,20190830,Gen,2019/07/26 E030 ,USD,10633,-10009.28,-1064287,,,
102309,5100073505,20190830,Gen,2019/07/26 E030 ,USD,10633,-5004.64,-532143,,,
102309,5100073506,20190830,Gen,2019/07/26 E030 ,USD,10633,-33781.32,-3591968,,,
102309,5100073507,20190830,Gen,2019/07/26 E030 ,USD,10633,-8132.54,-864733,,,
102309,5100073508,20190830,Gen,2019/07/26 E030 ,USD,10633,-747.08,-79437,,,
102309,5100073509,20190830,Gen,2019/07/26 E030 ,USD,10633,-3127.9,-332590,,,
102309,5100073516,20190830,Gen,2019/07/27 E030 ,USD,10633,-9844.7,-1046787,,,
102309,5100073517,20190830,Gen,2019/07/27 E030 ,USD,10633,-625.58,-66518,,,
102309,5100073518,20190830,Gen,2019/07/27 E030 ,USD,10633,-177,-18820,,,
102309,5100073519,20190830,Gen,2019/07/27 E030 ,USD,10633,-614.36,-65325,,,
102309,5100073520,20190830,Gen,2019/07/27 E030 ,USD,10633,-6881.38,-731697,,,
102309,5100073521,20190830,Gen,2019/07/27 E030 ,USD,10633,-8758.12,-931251,,,
102309,5100073549,20190830,Gen,2019/07/31 E030 ,USD,10633,-661.45,-70332,,,
102309,5100073550,20190830,Gen,2019/07/31 E030 ,USD,10633,-5.85,-622,,,
102309,5100073551,20190830,Gen,2019/07/31 E030 ,USD,10633,-483.8,-51442,,,
102309,5100073552,20190830,Gen,2019/07/31 E030 ,USD,10633,-239.85,-25503,,,
102309,5100073553,20190830,Gen,2019/07/31 E030 ,USD,10633,-13762.76,-1463394,,,
102309,5100073554,20190830,Gen,2019/07/31 E030 ,USD,10633,-9383.7,-997769,,,
102309,5100073555,20190830,Gen,2019/07/31 E030 ,USD,10633,-11.8,-1255,,,
102309,5100073556,20190830,Gen,2019/07/31 E030 ,USD,10633,-579.38,-61605,,,
102309,5100073557,20190830,Gen,2019/07/31 E030 ,USD,10633,-1737.3,-184727,,,
102309,5100073558,20190830,Gen,2019/07/31 E030 ,USD,10633,-579.1,-61576,,,
102309,5100073559,20190830,Gen,2019/07/31 E030 ,USD,10633,-579.38,-61605,,,
102309,5100073560,20190830,Gen,2019/07/31 E030 ,USD,10633,-1352.24,-143784,,,
102309,5100073561,20190830,Gen,2019/07/31 E030 ,USD,10633,-177,-18820,,,
102309,5100073562,20190830,Gen,2019/07/31 E030 ,USD,10633,-566.4,-60225,,,
102309,5100073563,20190830,Gen,2019/07/31 E030 ,USD,10633,-117,-12441,,,
102309,5100073564,20190830,Gen,2019/07/31 E030 ,USD,10633,-362.7,-38566,,,
102309,5100073565,20190830,Gen,2019/07/31 E030 ,USD,10633,-495.6,-52697,,,
102309,5100073566,20190830,Gen,2019/07/31 E030 ,USD,10633,-1737.3,-184727,,,
102309,5100073567,20190830,Gen,2019/07/31 E030 ,USD,10633,-579.38,-61605,,,
102309,5100073568,20190830,Gen,2019/07/31 E030 ,USD,10633,-579.1,-61576,,,
102309,5100073569,20190830,Gen,2019/07/31 E030 ,USD,10633,-579.38,-61605,,,
102309,5100073570,20190830,Gen,2019/07/31 E030 ,USD,10633,-579.1,-61576,,,
102309,5100073571,20190830,Gen,2019/07/31 E030 ,USD,10633,-1158.2,-123151,,,
102309,5100073572,20190830,Gen,2019/07/31 E030 ,USD,10633,-661.38,-70325,,,
102309,5100073573,20190830,Gen,2019/07/31 E030 ,USD,10633,-954.66,-101509,,,
102309,5100073574,20190830,Gen,2019/07/31 E030 ,USD,10633,-579.1,-61576,,,
102309,5100073575,20190830,Gen,2019/07/31 E030 ,USD,10633,-1251.16,-133036,,,
102309,5100073576,20190830,Gen,2019/07/31 E030 ,USD,10633,-1876.74,-199554,,,
102309,5100073577,20190830,Gen,2019/07/31 E030 ,USD,10633,-590.59,-62797,,,
102309,5100073578,20190830,Gen,2019/07/31 E030 ,USD,10633,-1711.92,-182028,,,
102309,5100073579,20190830,Gen,2019/07/31 E030 ,USD,10633,-625.58,-66518,,,
102309,5100073580,20190830,Gen,2019/07/31 E030 ,USD,10633,-579.1,-61576,,,
102309,5100073581,20190830,Gen,2019/07/31 E030 ,USD,10633,-17.06,-1814,,,
102309,5100073582,20190830,Gen,2019/07/31 E030 ,USD,10633,-1738.83,-184890,,,
102309,5100073583,20190830,Gen,2019/07/31 E030 ,USD,10633,-1159.22,-123260,,,
102309,5100073584,20190830,Gen,2019/07/31 E030 ,USD,10633,-579.38,-61605,,,
102309,5100073585,20190830,Gen,2019/07/31 E030 ,USD,10633,-661.45,-70332,,,
102309,5100073586,20190830,Gen,2019/07/31 E030 ,USD,10633,-661.45,-70332,,,
102309,5100073587,20190830,Gen,2019/07/31 E030 ,USD,10633,-31088.15,-3305603,,,
102309,5100073597,20190830,Gen,2019/07/31 E030 ,USD,10633,-696.2,-74027,,,
102309,5100073615,20190930,Gen,2019/08/02 E030 ,USD,10633,-1711.92,-182028,,,
102309,5100073616,20190930,Gen,2019/08/02 E030 ,USD,10633,-2895.5,-307879,,,
102309,5100073617,20190930,Gen,2019/08/02 E030 ,USD,10633,-579.1,-61576,,,
102309,5100073618,20190930,Gen,2019/08/02 E030 ,USD,10633,-11587.6,-1232110,,,
102309,5100073619,20190930,Gen,2019/08/02 E030 ,USD,10633,-7528.3,-800484,,,
102309,5100073620,20190930,Gen,2019/08/02 E030 ,USD,10633,-26072.1,-2772246,,,
102309,5100073621,20190930,Gen,2019/08/02 E030 ,USD,10633,-3.6,-383,,,
102309,5100073622,20190930,Gen,2019/08/02 E030 ,USD,10633,-5.9,-627,,,
102309,5100073623,20190930,Gen,2019/08/02 E030 ,USD,10633,-241.9,-25721,,,
102309,5100073624,20190930,Gen,2019/08/02 E030 ,USD,10633,-7.73,-822,,,
102309,5100073625,20190930,Gen,2019/08/02 E030 ,USD,10633,-666.89,-70910,,,
102309,5100073626,20190930,Gen,2019/08/02 E030 ,USD,10633,-21827.85,-2320955,,,
102309,5100073627,20190930,Gen,2019/08/02 E030 ,USD,10633,-43655.7,-4641911,,,
102309,5100073628,20190930,Gen,2019/08/02 E030 ,USD,10633,-6614.5,-703320,,,
102309,5100073629,20190930,Gen,2019/08/02 E030 ,USD,10633,-5335.12,-567283,,,
102309,5100073630,20190930,Gen,2019/08/02 E030 ,USD,10633,-5135.76,-546085,,,
102309,5100073631,20190930,Gen,2019/08/02 E030 ,USD,10633,-11582,-1231514,,,
102309,5100073632,20190930,Gen,2019/08/02 E030 ,USD,10633,-31865.9,-3388301,,,
102309,5100073633,20190930,Gen,2019/08/02 E030 ,USD,10633,-12166.98,-1293715,,,
102309,5100073634,20190930,Gen,2019/08/02 E030 ,USD,10633,-37641.5,-4002421,,,
102309,5100073635,20190930,Gen,2019/08/02 E030 ,USD,10633,-12166.98,-1293715,,,
102309,5100073643,20190930,Gen,2019/08/05 E030 ,USD,10633,-661.38,-70325,,,
102309,5100073644,20190930,Gen,2019/08/05 E030 ,USD,10633,-85.03,-9041,,,
102309,5100073645,20190930,Gen,2019/08/05 E030 ,USD,10633,-30676.94,-3261879,,,
102309,5100073646,20190930,Gen,2019/08/05 E030 ,USD,10633,-661.38,-70325,,,
102309,5100073647,20190930,Gen,2019/08/05 E030 ,USD,10633,-1228.72,-130650,,,
102309,5100073648,20190930,Gen,2019/08/05 E030 ,USD,10633,-666.89,-70910,,,
102309,5100073649,20190930,Gen,2019/08/05 E030 ,USD,10633,-661.45,-70332,,,
102309,5100073650,20190930,Gen,2019/08/05 E030 ,USD,10633,-661.38,-70325,,,
102309,5100073651,20190930,Gen,2019/08/05 E030 ,USD,10633,-661.45,-70332,,,
102309,5100073652,20190930,Gen,2019/08/05 E030 ,USD,10633,-21340.48,-2269133,,,
102309,5100073653,20190930,Gen,2019/08/05 E030 ,USD,10633,-3.6,-383,,,
102309,5100073654,20190930,Gen,2019/08/05 E030 ,USD,10633,-15407.28,-1638256,,,
102309,5100073655,20190930,Gen,2019/08/05 E030 ,USD,10633,-49223.5,-5233935,,,
102309,5100073656,20190930,Gen,2019/08/05 E030 ,USD,10633,-29534.1,-3140361,,,
102309,5100073657,20190930,Gen,2019/08/05 E030 ,USD,10633,-579.1,-61576,,,
102309,5100073658,20190930,Gen,2019/08/05 E030 ,USD,10633,-4635.04,-492844,,,
102309,5100073659,20190930,Gen,2019/08/05 E030 ,USD,10633,-374.4,-39810,,,
102309,5100073660,20190930,Gen,2019/08/05 E030 ,USD,10633,-10271.52,-1092171,,,
102309,5100073661,20190930,Gen,2019/08/05 E030 ,USD,10633,-26059.5,-2770907,,,
102309,5100073662,20190930,Gen,2019/08/05 E030 ,USD,10633,-90918.7,-9667385,,,
102309,5100073663,20190930,Gen,2019/08/05 E030 ,USD,10633,-676.12,-71892,,,
102309,5100073664,20190930,Gen,2019/08/05 E030 ,USD,10633,-236,-25094,,,
102309,5100073665,20190930,Gen,2019/08/05 E030 ,USD,10633,-590.85,-62825,,,
102309,5100073691,20190930,Gen,2019/08/06 E030 ,USD,10633,-676.12,-71892,,,
102309,5100073692,20190930,Gen,2019/08/06 E030 ,USD,10633,-2704.48,-287567,,,
102309,5100073702,20190930,Gen,2019/08/07 E030 ,USD,10633,-8559.6,-910142,,,
102309,5100073703,20190930,Gen,2019/08/07 E030 ,USD,10633,-1979,-210427,,,
102309,5100073704,20190930,Gen,2019/08/07 E030 ,USD,10633,-6370.1,-677333,,,
102309,5100073705,20190930,Gen,2019/08/07 E030 ,USD,10633,-13898.4,-1477817,,,
102309,5100073706,20190930,Gen,2019/08/07 E030 ,USD,10633,-18531.2,-1970422,,,
102309,5100073707,20190930,Gen,2019/08/07 E030 ,USD,10633,-791.6,-84171,,,
102309,5100073708,20190930,Gen,2019/08/07 E030 ,USD,10633,-791.6,-84171,,,
102309,5100073709,20190930,Gen,2019/08/07 E030 ,USD,10633,-1737.3,-184727,,,
102309,5100073710,20190930,Gen,2019/08/07 E030 ,USD,10633,-2318.44,-246520,,,
102309,5100073711,20190930,Gen,2019/08/07 E030 ,USD,10633,-22254.96,-2366370,,,
102309,5100073712,20190930,Gen,2019/08/07 E030 ,USD,10633,-4632.8,-492606,,,
102309,5100073713,20190930,Gen,2019/08/07 E030 ,USD,10633,-6949.2,-738908,,,
102309,5100073714,20190930,Gen,2019/08/07 E030 ,USD,10633,-16214.8,-1724120,,,
102309,5100073715,20190930,Gen,2019/08/07 E030 ,USD,10633,-1711.92,-182028,,,
102309,5100073716,20190930,Gen,2019/08/07 E030 ,USD,10633,-9844.7,-1046787,,,
102309,5100073717,20190930,Gen,2019/08/07 E030 ,USD,10633,-1187.4,-126256,,,
102309,5100073718,20190930,Gen,2019/08/07 E030 ,USD,10633,-494.75,-52607,,,
102309,5100073719,20190930,Gen,2019/08/07 E030 ,USD,10633,-7322.3,-778580,,,
102309,5100073720,20190930,Gen,2019/08/07 E030 ,USD,10633,-2572.7,-273555,,,
102309,5100073721,20190930,Gen,2019/08/07 E030 ,USD,10633,-38220.6,-4063996,,,
102309,5100073722,20190930,Gen,2019/08/07 E030 ,USD,10633,-4810.12,-511460,,,
102309,5100073723,20190930,Gen,2019/08/07 E030 ,USD,10633,-21426.7,-2278301,,,
102309,5100073724,20190930,Gen,2019/08/07 E030 ,USD,10633,-1484.25,-157820,,,
102309,5100073725,20190930,Gen,2019/08/07 E030 ,USD,10633,-4810.12,-511460,,,
102309,5100073726,20190930,Gen,2019/08/07 E030 ,USD,10633,-49223.5,-5233935,,,
102309,5100073727,20190930,Gen,2019/08/07 E030 ,USD,10633,-1979,-210427,,,
102309,5100073728,20190930,Gen,2019/08/07 E030 ,USD,10633,-9598.15,-1020571,,,
102309,5100073729,20190930,Gen,2019/08/07 E030 ,USD,10633,-8245.92,-876789,,,
102309,5100073730,20190930,Gen,2019/08/07 E030 ,USD,10633,-687.16,-73066,,,
102309,5100073731,20190930,Gen,2019/08/07 E030 ,USD,10633,-784.7,-83437,,,
102309,5100073732,20190930,Gen,2019/08/07 E030 ,USD,10633,-70.2,-7464,,,
102309,5100073733,20190930,Gen,2019/08/07 E030 ,USD,10633,-15.4,-1637,,,
102309,5100073734,20190930,Gen,2019/08/07 E030 ,USD,10633,-7.73,-822,,,
102309,5100073735,20190930,Gen,2019/08/07 E030 ,USD,10633,-35.2,-3743,,,
102309,5100073736,20190930,Gen,2019/08/07 E030 ,USD,10633,-359.9,-38268,,,
102309,5100073737,20190930,Gen,2019/08/07 E030 ,USD,10633,-230.1,-24467,,,
102309,5100073738,20190930,Gen,2019/08/07 E030 ,USD,10633,-7335.79,-780015,,,
102309,5100073739,20190930,Gen,2019/08/07 E030 ,USD,10633,-1158.2,-123151,,,
102309,5100073740,20190930,Gen,2019/08/07 E030 ,USD,10633,-1158.2,-123151,,,
102309,5100073741,20190930,Gen,2019/08/07 E030 ,USD,10633,-65438.3,-6958054,,,
102309,5100073742,20190930,Gen,2019/08/07 E030 ,USD,10633,-1737.3,-184727,,,
102309,5100073743,20190930,Gen,2019/08/07 E030 ,USD,10633,-625.58,-66518,,,
102309,5100073744,20190930,Gen,2019/08/07 E030 ,USD,10633,-1158.76,-123211,,,
102309,5100073745,20190930,Gen,2019/08/07 E030 ,USD,10633,-6847.68,-728114,,,
102309,5100073774,20190930,Gen,2019/08/08 E030 ,USD,10633,-4848.55,-515546,,,
102309,5100073775,20190930,Gen,2019/08/08 E030 ,USD,10633,-6827.55,-725973,,,
102309,5100073776,20190930,Gen,2019/08/08 E030 ,USD,10633,-5135.76,-546085,,,
102309,5100073777,20190930,Gen,2019/08/08 E030 ,USD,10633,-21437.06,-2279403,,,
102309,5100073778,20190930,Gen,2019/08/08 E030 ,USD,10633,-19689.4,-2093574,,,
102309,5100073779,20190930,Gen,2019/08/08 E030 ,USD,10633,-1738.14,-184816,,,
102309,5100073780,20190930,Gen,2019/08/08 E030 ,USD,10633,-52.8,-5614,,,
102309,5100073781,20190930,Gen,2019/08/08 E030 ,USD,10633,-29.5,-3137,,,
102309,5100073782,20190930,Gen,2019/08/08 E030 ,USD,10633,-141.6,-15056,,,
102309,5100073783,20190930,Gen,2019/08/08 E030 ,USD,10633,-182.9,-19448,,,
102309,5100073784,20190930,Gen,2019/08/08 E030 ,USD,10633,-32010.72,-3403700,,,
102309,5100073787,20190930,Gen,2019/08/08 E030 ,USD,10633,-2061.48,-219197,,,
102309,5100073788,20190930,Gen,2019/08/08 E030 ,USD,10633,-98.95,-10521,,,
102309,5100073789,20190930,Gen,2019/08/08 E030 ,USD,10633,-5541.2,-589196,,,
102309,5100073790,20190930,Gen,2019/08/08 E030 ,USD,10633,-5541.2,-589196,,,
102309,5100073791,20190930,Gen,2019/08/08 E030 ,USD,10633,-579.1,-61576,,,
102309,5100073792,20190930,Gen,2019/08/08 E030 ,USD,10633,-10994.56,-1169052,,,
102309,5100073793,20190930,Gen,2019/08/08 E030 ,USD,10633,-39977.22,-4250778,,,
102309,5100073794,20190930,Gen,2019/08/08 E030 ,USD,10633,-57330.9,-6095995,,,
102309,5100073795,20190930,Gen,2019/08/08 E030 ,USD,10633,-28.6,-3041,,,
102309,5100073796,20190930,Gen,2019/08/08 E030 ,USD,10633,-15.4,-1637,,,
102309,5100073797,20190930,Gen,2019/08/08 E030 ,USD,10633,-100.49,-10685,,,
102309,5100073798,20190930,Gen,2019/08/08 E030 ,USD,10633,-35.4,-3764,,,
102309,5100073799,20190930,Gen,2019/08/08 E030 ,USD,10633,-262.82,-27946,,,
102309,5100073800,20190930,Gen,2019/08/08 E030 ,USD,10633,-6668.9,-709104,,,
102309,5100073801,20190930,Gen,2019/08/08 E030 ,USD,10633,-5.85,-622,,,
102309,5100073805,20190930,Gen,2019/08/09 E030 ,USD,10633,-5.85,-622,,,
102309,5100073806,20190930,Gen,2019/08/09 E030 ,USD,10633,-8245.92,-876789,,,
102309,5100073807,20190930,Gen,2019/08/09 E030 ,USD,10633,-5937,-631281,,,
102309,5100073808,20190930,Gen,2019/08/09 E030 ,USD,10633,-3562.2,-378769,,,
102309,5100073809,20190930,Gen,2019/08/09 E030 ,USD,10633,-15635.7,-1662544,,,
102309,5100073810,20190930,Gen,2019/08/09 E030 ,USD,10633,-8111.32,-862477,,,
102309,5100073811,20190930,Gen,2019/08/09 E030 ,USD,10633,-36483.3,-3879269,,,
102309,5100073812,20190930,Gen,2019/08/09 E030 ,USD,10633,-4810.12,-511460,,,
102309,5100073813,20190930,Gen,2019/08/09 E030 ,USD,10633,-98.95,-10521,,,
102309,5100073814,20190930,Gen,2019/08/09 E030 ,USD,10633,-6926.5,-736495,,,
102309,5100073815,20190930,Gen,2019/08/09 E030 ,USD,10633,-185.52,-19726,,,
102309,5100073816,20190930,Gen,2019/08/09 E030 ,USD,10633,-44,-4679,,,
102309,5100073817,20190930,Gen,2019/08/09 E030 ,USD,10633,-53.1,-5646,,,
102309,5100073818,20190930,Gen,2019/08/09 E030 ,USD,10633,-5.9,-627,,,
102309,5100073819,20190930,Gen,2019/08/09 E030 ,USD,10633,-82.6,-8783,,,
102309,5100073820,20190930,Gen,2019/08/09 E030 ,USD,10633,-118,-12547,,,
102309,5100073821,20190930,Gen,2019/08/09 E030 ,USD,10633,-6668.9,-709104,,,
102309,5100073822,20190930,Gen,2019/08/09 E030 ,USD,10633,-808.81,-86001,,,
102309,5100073825,20190930,Gen,2019/08/19 E030 ,USD,10633,-5497.28,-584526,,,
102309,5100073826,20190930,Gen,2019/08/19 E030 ,USD,10633,-954.66,-101509,,,
102309,5100073827,20190930,Gen,2019/08/19 E030 ,USD,10633,-579.1,-61576,,,
102309,5100073828,20190930,Gen,2019/08/19 E030 ,USD,10633,-60805.5,-6465449,,,
102309,5100073829,20190930,Gen,2019/08/19 E030 ,USD,10633,-579.38,-61605,,,
102309,5100073830,20190930,Gen,2019/08/19 E030 ,USD,10633,-4810.12,-511460,,,
102309,5100073831,20190930,Gen,2019/08/19 E030 ,USD,10633,-579.38,-61605,,,
102309,5100073832,20190930,Gen,2019/08/19 E030 ,USD,10633,-1737.3,-184727,,,
102309,5100073833,20190930,Gen,2019/08/19 E030 ,USD,10633,-2895.5,-307879,,,
102309,5100073834,20190930,Gen,2019/08/19 E030 ,USD,10633,-579.1,-61576,,,
102309,5100073835,20190930,Gen,2019/08/19 E030 ,USD,10633,-579.38,-61605,,,
102309,5100073836,20190930,Gen,2019/08/19 E030 ,USD,10633,-6373.18,-677660,,,
102309,5100073837,20190930,Gen,2019/08/19 E030 ,USD,10633,-15635.7,-1662544,,,
102309,5100073838,20190930,Gen,2019/08/19 E030 ,USD,10633,-5838.05,-620760,,,
102309,5100073839,20190930,Gen,2019/08/19 E030 ,USD,10633,-692.65,-73649,,,
102309,5100073840,20190930,Gen,2019/08/19 E030 ,USD,10633,-8587.2,-913077,,,
102309,5100073841,20190930,Gen,2019/08/19 E030 ,USD,10633,-23.19,-2466,,,
102309,5100073842,20190930,Gen,2019/08/19 E030 ,USD,10633,-9.24,-982,,,
102309,5100073843,20190930,Gen,2019/08/19 E030 ,USD,10633,-34.76,-3696,,,
102309,5100073844,20190930,Gen,2019/08/19 E030 ,USD,10633,-413,-43914,,,
102309,5100073845,20190930,Gen,2019/08/19 E030 ,USD,10633,-5335.12,-567283,,,
102309,5100073846,20190930,Gen,2019/08/19 E030 ,USD,10633,-13056.04,-1388249,,,
102309,5100073847,20190930,Gen,2019/08/19 E030 ,USD,10633,-12368.88,-1315183,,,
102309,5100073848,20190930,Gen,2019/08/19 E030 ,USD,10633,-3166.4,-336683,,,
102309,5100073849,20190930,Gen,2019/08/19 E030 ,USD,10633,-11478.2,-1220477,,,
102309,5100073850,20190930,Gen,2019/08/19 E030 ,USD,10633,-2061.48,-219197,,,
102309,5100073851,20190930,Gen,2019/08/19 E030 ,USD,10633,-128.7,-13685,,,
102309,5100073852,20190930,Gen,2019/08/19 E030 ,USD,10633,-115.95,-12329,,,
102309,5100073853,20190930,Gen,2019/08/19 E030 ,USD,10633,-10307.4,-1095986,,,
102309,5100073854,20190930,Gen,2019/08/19 E030 ,USD,10633,-1374.32,-146131,,,
102309,5100073855,20190930,Gen,2019/08/19 E030 ,USD,10633,-98.95,-10521,,,
102309,5100073856,20190930,Gen,2019/08/19 E030 ,USD,10633,-2748.64,-292263,,,
102309,5100073857,20190930,Gen,2019/08/19 E030 ,USD,10633,-1374.32,-146131,,,
102309,5100073858,20190930,Gen,2019/08/19 E030 ,USD,10633,-37.4,-3977,,,
102309,5100073859,20190930,Gen,2019/08/19 E030 ,USD,10633,-32202,-3424039,,,
102309,5100073860,20190930,Gen,2019/08/19 E030 ,USD,10633,-18784.5,-1997356,,,
102309,5100073861,20190930,Gen,2019/08/19 E030 ,USD,10633,-39.6,-4211,,,
102309,5100073862,20190930,Gen,2019/08/19 E030 ,USD,10633,-81.9,-8708,,,
102309,5100073863,20190930,Gen,2019/08/19 E030 ,USD,10633,-93.6,-9952,,,
102309,5100073864,20190930,Gen,2019/08/19 E030 ,USD,10633,-81.9,-8708,,,
102309,5100073865,20190930,Gen,2019/08/19 E030 ,USD,10633,-5.85,-622,,,
102309,5100073866,20190930,Gen,2019/08/19 E030 ,USD,10633,-17.55,-1866,,,
102309,5100073867,20190930,Gen,2019/08/19 E030 ,USD,10633,-5640.15,-599717,,,
102309,5100073868,20190930,Gen,2019/08/19 E030 ,USD,10633,-98.95,-10521,,,
102309,5100073869,20190930,Gen,2019/08/19 E030 ,USD,10633,-17.6,-1871,,,
102309,5100073870,20190930,Gen,2019/08/19 E030 ,USD,10633,-13229,-1406640,,,
102309,5100073871,20190930,Gen,2019/08/19 E030 ,USD,10633,-1583.2,-168342,,,
102309,5100073872,20190930,Gen,2019/08/19 E030 ,USD,10633,-64404,-6848077,,,
102309,5100073873,20190930,Gen,2019/08/19 E030 ,USD,10633,-15804.68,-1680512,,,
102309,5100073874,20190930,Gen,2019/08/19 E030 ,USD,10633,-21468,-2282692,,,
102309,5100073875,20190930,Gen,2019/08/19 E030 ,USD,10633,-7817.05,-831187,,,
102309,5100073876,20190930,Gen,2019/08/19 E030 ,USD,10633,-28981.8,-3081635,,,
102309,5100073877,20190930,Gen,2019/08/19 E030 ,USD,10633,-9123.9,-970144,,,
102309,5100073878,20190930,Gen,2019/08/19 E030 ,USD,10633,-18784.5,-1997356,,,
102309,5100073879,20190930,Gen,2019/08/19 E030 ,USD,10633,-38105.7,-4051779,,,
102309,5100073880,20190930,Gen,2019/08/19 E030 ,USD,10633,-11002.9,-1169938,,,
102309,5100073881,20190930,Gen,2019/08/19 E030 ,USD,10633,-5497.28,-584526,,,
102309,5100073882,20190930,Gen,2019/08/19 E030 ,USD,10633,-15027.6,-1597885,,,
102309,5100073883,20190930,Gen,2019/08/19 E030 ,USD,10633,-4.4,-468,,,
102309,5100073884,20190930,Gen,2019/08/19 E030 ,USD,10633,-70.2,-7464,,,
102309,5100073885,20190930,Gen,2019/08/19 E030 ,USD,10633,-40.95,-4354,,,
102309,5100073886,20190930,Gen,2019/08/19 E030 ,USD,10633,-76.05,-8086,,,
102309,5100073887,20190930,Gen,2019/08/19 E030 ,USD,10633,-76.05,-8086,,,
102309,5100073888,20190930,Gen,2019/08/19 E030 ,USD,10633,-26458,-2813279,,,
102309,5100073889,20190930,Gen,2019/08/19 E030 ,USD,10633,-23.4,-2488,,,
102309,5100073890,20190930,Gen,2019/08/19 E030 ,USD,10633,-41.3,-4391,,,
102309,5100073891,20190930,Gen,2019/08/19 E030 ,USD,10633,-371.7,-39523,,,
102309,5100073892,20190930,Gen,2019/08/19 E030 ,USD,10633,-5.85,-622,,,
102309,5100073893,20190930,Gen,2019/08/19 E030 ,USD,10633,-17.7,-1882,,,
102309,5100073894,20190930,Gen,2019/08/19 E030 ,USD,10633,-5135.76,-546085,,,
102309,5100073895,20190930,Gen,2019/08/19 E030 ,USD,10633,-98.95,-10521,,,
102309,5100073896,20190930,Gen,2019/08/19 E030 ,USD,10633,-8311.8,-883794,,,
102309,5100073897,20190930,Gen,2019/08/19 E030 ,USD,10633,-106266.6,-11299328,,,
102309,5100073898,20190930,Gen,2019/08/19 E030 ,USD,10633,-1737.3,-184727,,,
102309,5100073899,20190930,Gen,2019/08/19 E030 ,USD,10633,-8933.08,-949854,,,
102309,5100073900,20190930,Gen,2019/08/19 E030 ,USD,10633,-1738.14,-184816,,,
102309,5100073901,20190930,Gen,2019/08/19 E030 ,USD,10633,-2146.8,-228269,,,
102309,5100073902,20190930,Gen,2019/08/19 E030 ,USD,10633,-9660.6,-1027212,,,
102309,5100073903,20190930,Gen,2019/08/19 E030 ,USD,10633,-2146.8,-228269,,,
102309,5100073904,20190930,Gen,2019/08/19 E030 ,USD,10633,-7916,-841708,,,
102309,5100073905,20190930,Gen,2019/08/19 E030 ,USD,10633,-3474.6,-369454,,,
102309,5100073906,20190930,Gen,2019/08/19 E030 ,USD,10633,-91239,-9701443,,,
102309,5100073907,20190930,Gen,2019/08/19 E030 ,USD,10633,-42936,-4565385,,,
102309,5100073908,20190930,Gen,2019/08/19 E030 ,USD,10633,-579.38,-61605,,,
102309,5100073909,20190930,Gen,2019/08/19 E030 ,USD,10633,-1159.22,-123260,,,
102309,5100073910,20190930,Gen,2019/08/19 E030 ,USD,10633,-4053.7,-431030,,,
102309,5100073911,20190930,Gen,2019/08/19 E030 ,USD,10633,-579.1,-61576,,,
102309,5100073912,20190930,Gen,2019/08/19 E030 ,USD,10633,-8933.08,-949854,,,
102309,5100073913,20190930,Gen,2019/08/19 E030 ,USD,10633,-1158.76,-123211,,,
102309,5100073914,20190930,Gen,2019/08/19 E030 ,USD,10633,-4122.96,-438394,,,
102309,5100073915,20190930,Gen,2019/08/19 E030 ,USD,10633,-2146.8,-228269,,,
102309,5100073916,20190930,Gen,2019/08/19 E030 ,USD,10633,-578.2,-61480,,,
102309,5100073917,20190930,Gen,2019/08/19 E030 ,USD,10633,-1880.05,-199906,,,
102309,5100073918,20190930,Gen,2019/08/19 E030 ,USD,10633,-12880.8,-1369615,,,
102309,5100073919,20190930,Gen,2019/08/19 E030 ,USD,10633,-67624.2,-7190481,,,
102309,5100073920,20190930,Gen,2019/08/19 E030 ,USD,10633,-13229,-1406640,,,
102309,5100073921,20190930,Gen,2019/08/19 E030 ,USD,10633,-8212.85,-873272,,,
102309,5100073922,20190930,Gen,2019/08/19 E030 ,USD,10633,-17711.1,-1883221,,,
102309,5100073923,20190930,Gen,2019/08/19 E030 ,USD,10633,-26835,-2853366,,,
102309,5100073924,20190930,Gen,2019/08/19 E030 ,USD,10633,-579.1,-61576,,,
102309,5100073925,20190930,Gen,2019/08/19 E030 ,USD,10633,-10994.56,-1169052,,,
102309,5100073926,20190930,Gen,2019/08/19 E030 ,USD,10633,-579.1,-61576,,,
102309,5100073927,20190930,Gen,2019/08/19 E030 ,USD,10633,-5539.6,-589026,,,
102309,5100073928,20190930,Gen,2019/08/19 E030 ,USD,10633,-6440.4,-684808,,,
102309,5100073929,20190930,Gen,2019/08/19 E030 ,USD,10633,-94.4,-10038,,,
102309,5100073930,20190930,Gen,2019/08/19 E030 ,USD,10633,-295,-31367,,,
102309,5100073931,20190930,Gen,2019/08/19 E030 ,USD,10633,-9260.3,-984648,,,
102309,5100073932,20190930,Gen,2019/08/19 E030 ,USD,10633,-1301.64,-138403,,,
102309,5100073933,20190930,Gen,2019/08/19 E030 ,USD,10633,-1.62,-172,,,
102309,5100073934,20190930,Gen,2019/08/19 E030 ,USD,10633,-1984.35,-210996,,,
102309,5100073935,20190930,Gen,2019/08/19 E030 ,USD,10633,-1876.74,-199554,,,
102309,5100073936,20190930,Gen,2019/08/19 E030 ,USD,10633,-625.58,-66518,,,
102309,5100073937,20190930,Gen,2019/08/19 E030 ,USD,10633,-2748.64,-292263,,,
102309,5100073938,20190930,Gen,2019/08/19 E030 ,USD,10633,-15117.52,-1607446,,,
102309,5100073939,20190930,Gen,2019/08/19 E030 ,USD,10633,-8509.7,-904836,,,
102309,5100073940,20190930,Gen,2019/08/19 E030 ,USD,10633,-5739.1,-610239,,,
102309,5100073941,20190930,Gen,2019/08/19 E030 ,USD,10633,-890.55,-94692,,,
102309,5100073942,20190930,Gen,2019/08/19 E030 ,USD,10633,-536.7,-57067,,,
102309,5100073943,20190930,Gen,2019/08/19 E030 ,USD,10633,-25761.6,-2739231,,,
102309,5100073944,20190930,Gen,2019/08/19 E030 ,USD,10633,-16491.84,-1753577,,,
102309,5100073945,20190930,Gen,2019/08/19 E030 ,USD,10633,-55816.8,-5935000,,,
102309,5100073946,20190930,Gen,2019/08/19 E030 ,USD,10633,-16637.7,-1769087,,,
102309,5100073947,20190930,Gen,2019/08/19 E030 ,USD,10633,-58.5,-6220,,,
102309,5100073948,20190930,Gen,2019/08/19 E030 ,USD,10633,-200.98,-21370,,,
102309,5100073949,20190930,Gen,2019/08/19 E030 ,USD,10633,-66,-7018,,,
102309,5100073950,20190930,Gen,2019/08/19 E030 ,USD,10633,-15.46,-1644,,,
102309,5100073951,20190930,Gen,2019/08/19 E030 ,USD,10633,-548.83,-58357,,,
102309,5100073952,20190930,Gen,2019/08/19 E030 ,USD,10633,-41.36,-4398,,,
102309,5100073953,20190930,Gen,2019/08/19 E030 ,USD,10633,-2.64,-281,,,
102309,5100073954,20190930,Gen,2019/08/19 E030 ,USD,10633,-788.46,-83837,,,
102309,5100073955,20190930,Gen,2019/08/19 E030 ,USD,10633,-4.4,-468,,,
102309,5100073956,20190930,Gen,2019/08/19 E030 ,USD,10633,-46.2,-4912,,,
102309,5100073957,20190930,Gen,2019/08/19 E030 ,USD,10633,-2535.12,-269559,,,
102309,5100073958,20190930,Gen,2019/08/19 E030 ,USD,10633,-154.1,-16385,,,
102309,5100073959,20190930,Gen,2019/08/19 E030 ,USD,10633,-113.9,-12111,,,
102309,5100073960,20190930,Gen,2019/08/19 E030 ,USD,10633,-1880.05,-199906,,,
102309,5100073961,20190930,Gen,2019/08/19 E030 ,USD,10633,-10734,-1141346,,,
102309,5100073962,20190930,Gen,2019/08/19 E030 ,USD,10633,-536.7,-57067,,,
102309,5100073963,20190930,Gen,2019/08/19 E030 ,USD,10633,-1424.96,-151516,,,
102309,5100073964,20190930,Gen,2019/08/19 E030 ,USD,10633,-1936.6,-205919,,,
102309,5100073965,20190930,Gen,2019/08/19 E030 ,USD,10633,-560.7,-59619,,,
102309,5100073966,20190930,Gen,2019/08/19 E030 ,USD,10633,-1308.31,-139113,,,
102309,5100073968,20190930,Gen,2019/08/20 E030 ,USD,10633,-48.4,-5146,,,
102309,5100073969,20190930,Gen,2019/08/20 E030 ,USD,10633,-531,-56461,,,
102309,5100073970,20190930,Gen,2019/08/20 E030 ,USD,10633,-8.32,-885,,,
102309,5100073971,20190930,Gen,2019/08/20 E030 ,USD,10633,-1228.72,-130650,,,
102309,5100073972,20190930,Gen,2019/08/20 E030 ,USD,10633,-409.69,-43562,,,
102309,5100073973,20190930,Gen,2019/08/20 E030 ,USD,10633,-106.2,-11292,,,
102309,5100073974,20190930,Gen,2019/08/20 E030 ,USD,10633,-661.38,-70325,,,
102309,5100073975,20190930,Gen,2019/08/20 E030 ,USD,10633,-661.45,-70332,,,
102309,5100073976,20190930,Gen,2019/08/20 E030 ,USD,10633,-1322.9,-140664,,,
102309,5100073977,20190930,Gen,2019/08/20 E030 ,USD,10633,-1984.35,-210996,,,
102309,5100073978,20190930,Gen,2019/08/20 E030 ,USD,10633,-661.45,-70332,,,
102309,5100073979,20190930,Gen,2019/08/20 E030 ,USD,10633,-650.82,-69202,,,
102309,5100073980,20190930,Gen,2019/08/20 E030 ,USD,10633,-4555.74,-484412,,,
102309,5100073981,20190930,Gen,2019/08/20 E030 ,USD,10633,-12365.58,-1314832,,,
102309,5100073982,20190930,Gen,2019/08/20 E030 ,USD,10633,-2061.48,-219197,,,
102309,5100073983,20190930,Gen,2019/08/20 E030 ,USD,10633,-9499.2,-1010050,,,
102309,5100073984,20190930,Gen,2019/08/20 E030 ,USD,10633,-39715.8,-4222981,,,
102309,5100073985,20190930,Gen,2019/08/20 E030 ,USD,10633,-7558.76,-803723,,,
102309,5100073986,20190930,Gen,2019/08/20 E030 ,USD,10633,-6.5,-691,,,
102309,5100073988,20190930,Gen,2019/08/20 E030 ,USD,10633,-49913.1,-5307260,,,
102309,5100074006,20190930,Gen,2019/08/20 E030 ,USD,10633,-57211.5,-6083299,,,
102309,5100074007,20190930,Gen,2019/08/20 E030 ,USD,10633,-354.27,-37670,,,
102309,5100074008,20190930,Gen,2019/08/20 E030 ,USD,10633,-3076.68,-327143,,,
102309,5100074009,20190930,Gen,2019/08/20 E030 ,USD,10633,-7794.18,-828755,,,
102309,5100074035,20190930,Gen,2019/08/21 E030 ,USD,10633,-35.64,-3790,,,
102309,5100074036,20190930,Gen,2019/08/21 E030 ,USD,10633,-10.56,-1123,,,
102309,5100074037,20190930,Gen,2019/08/21 E030 ,USD,10633,-59,-6273,,,
102309,5100074038,20190930,Gen,2019/08/21 E030 ,USD,10633,-241.28,-25655,,,
102309,5100074039,20190930,Gen,2019/08/21 E030 ,USD,10633,-1244.53,-132331,,,
102309,5100074040,20190930,Gen,2019/08/21 E030 ,USD,10633,-59,-6273,,,
102309,5100074041,20190930,Gen,2019/08/21 E030 ,USD,10633,-23.6,-2509,,,
102309,5100074042,20190930,Gen,2019/08/21 E030 ,USD,10633,-17.55,-1866,,,
102309,5100074043,20190930,Gen,2019/08/21 E030 ,USD,10633,-1984.35,-210996,,,
102309,5100074044,20190930,Gen,2019/08/21 E030 ,USD,10633,-477.33,-50754,,,
102309,5100074045,20190930,Gen,2019/08/21 E030 ,USD,10633,-1711.92,-182028,,,
102309,5100074046,20190930,Gen,2019/08/21 E030 ,USD,10633,-661.45,-70332,,,
102309,5100074047,20190930,Gen,2019/08/21 E030 ,USD,10633,-625.58,-66518,,,
102309,5100074048,20190930,Gen,2019/08/21 E030 ,USD,10633,-1158.2,-123151,,,
102309,5100074049,20190930,Gen,2019/08/21 E030 ,USD,10633,-579.1,-61576,,,
102309,5100074050,20190930,Gen,2019/08/21 E030 ,USD,10633,-3474.6,-369454,,,
102309,5100074051,20190930,Gen,2019/08/21 E030 ,USD,10633,-1158.2,-123151,,,
102309,5100074052,20190930,Gen,2019/08/21 E030 ,USD,10633,-614.36,-65325,,,
102309,5100074053,20190930,Gen,2019/08/21 E030 ,USD,10633,-579.1,-61576,,,
102309,5100074054,20190930,Gen,2019/08/21 E030 ,USD,10633,-579.1,-61576,,,
102309,5100074055,20190930,Gen,2019/08/21 E030 ,USD,10633,-1159.22,-123260,,,
102309,5100074056,20190930,Gen,2019/08/21 E030 ,USD,10633,-579.1,-61576,,,
102309,5100074057,20190930,Gen,2019/08/21 E030 ,USD,10633,-579.1,-61576,,,
102309,5100074058,20190930,Gen,2019/08/21 E030 ,USD,10633,-579.38,-61605,,,
102309,5100074059,20190930,Gen,2019/08/21 E030 ,USD,10633,-579.1,-61576,,,
102309,5100074060,20190930,Gen,2019/08/21 E030 ,USD,10633,-579.1,-61576,,,
102309,5100074061,20190930,Gen,2019/08/21 E030 ,USD,10633,-579.1,-61576,,,
102309,5100074062,20190930,Gen,2019/08/21 E030 ,USD,10633,-579.38,-61605,,,
102309,5100074063,20190930,Gen,2019/08/21 E030 ,USD,10633,-687.16,-73066,,,
102309,5100074064,20190930,Gen,2019/08/21 E030 ,USD,10633,-1374.32,-146131,,,
102309,5100074065,20190930,Gen,2019/08/21 E030 ,USD,10633,-1979,-210427,,,
102309,5100074066,20190930,Gen,2019/08/21 E030 ,USD,10633,-8113.9,-862751,,,
102309,5100074067,20190930,Gen,2019/08/21 E030 ,USD,10633,-1113.96,-118447,,,
102309,5100074068,20190930,Gen,2019/08/21 E030 ,USD,10633,-12368.88,-1315183,,,
102309,5100074069,20190930,Gen,2019/08/21 E030 ,USD,10633,-1374.32,-146131,,,
102309,5100074070,20190930,Gen,2019/08/21 E030 ,USD,10633,-2769.8,-294513,,,
102309,5100074071,20190930,Gen,2019/08/21 E030 ,USD,10633,-687.16,-73066,,,
102309,5100074072,20190930,Gen,2019/08/21 E030 ,USD,10633,-83.08,-8834,,,
102309,5100074073,20190930,Gen,2019/08/21 E030 ,USD,10633,-83.08,-8834,,,
102309,5100074074,20190930,Gen,2019/08/21 E030 ,USD,10633,-900,-95697,,,
102309,5100074075,20190930,Gen,2019/08/21 E030 ,USD,10633,-1640,-174381,,,
102309,5100074089,20190930,Gen,2019/08/22 E030 ,USD,10633,-886.6,-94272,,,
102309,5100074090,20190930,Gen,2019/08/22 E030 ,USD,10633,-536.7,-57067,,,
102309,5100074091,20190930,Gen,2019/08/22 E030 ,USD,10633,-27908.4,-2967500,,,
102309,5100074092,20190930,Gen,2019/08/22 E030 ,USD,10633,-5367,-570673,,,
102309,5100074093,20190930,Gen,2019/08/22 E030 ,USD,10633,-1737.3,-184727,,,
102309,5100074094,20190930,Gen,2019/08/22 E030 ,USD,10633,-14477.5,-1539393,,,
102309,5100074095,20190930,Gen,2019/08/22 E030 ,USD,10633,-579.1,-61576,,,
102309,5100074096,20190930,Gen,2019/08/22 E030 ,USD,10633,-579.1,-61576,,,
102309,5100074097,20190930,Gen,2019/08/22 E030 ,USD,10633,-2769.8,-294513,,,
102309,5100074098,20190930,Gen,2019/08/22 E030 ,USD,10633,-8050.5,-856010,,,
102309,5100074099,20190930,Gen,2019/08/22 E030 ,USD,10633,-17711.1,-1883221,,,
102309,5100074100,20190930,Gen,2019/08/22 E030 ,USD,10633,-1610.1,-171202,,,
102309,5100074101,20190930,Gen,2019/08/22 E030 ,USD,10633,-536.7,-57067,,,
102309,5100074102,20190930,Gen,2019/08/22 E030 ,USD,10633,-10271.52,-1092171,,,
102309,5100074103,20190930,Gen,2019/08/22 E030 ,USD,10633,-1.76,-187,,,
102309,5100074104,20190930,Gen,2019/08/22 E030 ,USD,10633,-118,-12547,,,
102309,5100074105,20190930,Gen,2019/08/22 E030 ,USD,10633,-4.4,-468,,,
102309,5100074106,20190930,Gen,2019/08/22 E030 ,USD,10633,-46.64,-4959,,,
102309,5100074107,20190930,Gen,2019/08/22 E030 ,USD,10633,-354,-37641,,,
102309,5100074108,20190930,Gen,2019/08/22 E030 ,USD,10633,-7.73,-822,,,
102309,5100074109,20190930,Gen,2019/08/22 E030 ,USD,10633,-595.9,-63362,,,
102309,5100074110,20190930,Gen,2019/08/22 E030 ,USD,10633,-5.9,-627,,,
102309,5100074111,20190930,Gen,2019/08/22 E030 ,USD,10633,-10412,-1107108,,,
102309,5100074112,20190930,Gen,2019/08/22 E030 ,USD,10633,-98.95,-10521,,,
102309,5100074113,20190930,Gen,2019/08/22 E030 ,USD,10633,-98.95,-10521,,,
102309,5100074114,20190930,Gen,2019/08/22 E030 ,USD,10633,-13417.5,-1426683,,,
102309,5100074115,20190930,Gen,2019/08/22 E030 ,USD,10633,-20931.3,-2225625,,,
102309,5100074116,20190930,Gen,2019/08/22 E030 ,USD,10633,-579.1,-61576,,,
102309,5100074117,20190930,Gen,2019/08/22 E030 ,USD,10633,-3423.84,-364057,,,
102309,5100074118,20190930,Gen,2019/08/22 E030 ,USD,10633,-579.38,-61605,,,
102309,5100074119,20190930,Gen,2019/08/22 E030 ,USD,10633,-12344.1,-1312548,,,
102309,5100074120,20190930,Gen,2019/08/22 E030 ,USD,10633,-13417.5,-1426683,,,
102309,5100074121,20190930,Gen,2019/08/22 E030 ,USD,10633,-23614.8,-2510962,,,
102309,5100074122,20190930,Gen,2019/08/22 E030 ,USD,10633,-11582,-1231514,,,
102309,5100074123,20190930,Gen,2019/08/22 E030 ,USD,10633,-6440.4,-684808,,,
102309,5100074124,20190930,Gen,2019/08/22 E030 ,USD,10633,-55816.8,-5935000,,,
102309,5100074189,20190930,Gen,2019/08/23 E030 ,USD,10633,-0.44,-47,,,
102309,5100074190,20190930,Gen,2019/08/23 E030 ,USD,10633,-49.28,-5240,,,
102309,5100074191,20190930,Gen,2019/08/23 E030 ,USD,10633,-53.68,-5708,,,
102309,5100074192,20190930,Gen,2019/08/23 E030 ,USD,10633,-108.16,-11501,,,
102309,5100074193,20190930,Gen,2019/08/23 E030 ,USD,10633,-3904.92,-415210,,,
102309,5100074194,20190930,Gen,2019/08/23 E030 ,USD,10633,-650.82,-69202,,,
102309,5100074195,20190930,Gen,2019/08/23 E030 ,USD,10633,-35795.1,-3806093,,,
102309,5100074196,20190930,Gen,2019/08/23 E030 ,USD,10633,-5206,-553554,,,
102309,5100074197,20190930,Gen,2019/08/23 E030 ,USD,10633,-8.32,-885,,,
102309,5100074198,20190930,Gen,2019/08/23 E030 ,USD,10633,-9.82,-1044,,,
102309,5100074199,20190930,Gen,2019/08/23 E030 ,USD,10633,-1.38,-147,,,
102309,5100074200,20190930,Gen,2019/08/23 E030 ,USD,10633,-3,-319,,,
102309,5100074201,20190930,Gen,2019/08/23 E030 ,USD,10633,-7.68,-817,,,
102309,5100074202,20190930,Gen,2019/08/23 E030 ,USD,10633,-0.11,-12,,,
102309,5100074203,20190930,Gen,2019/08/23 E030 ,USD,10633,-5.58,-593,,,
102882,5100073687,20191030,Gen,2019/08/05 E060 ,JPY,100,-2808000,-2808000,,,
102882,5100073785,20191030,Gen,2019/08/08 E060 ,JPY,100,-1296000,-1296000,,,
102882,5100074076,20191030,Gen,2019/08/21 E060 ,JPY,100,-324000,-324000,,,
102882,5100074125,20191030,Gen,2019/08/22 E060 ,JPY,100,-216000,-216000,,,
102882,5100074204,20191030,Gen,2019/08/23 E060 ,JPY,100,-540000,-540000,,,
